-- MySQL dump 10.13  Distrib 8.0.26, for Win64 (x86_64)
--
-- Host: localhost    Database: driver_license_test
-- ------------------------------------------------------
-- Server version	8.0.26

/*!40101 SET @OLD_CHARACTER_SET_CLIENT=@@CHARACTER_SET_CLIENT */;
/*!40101 SET @OLD_CHARACTER_SET_RESULTS=@@CHARACTER_SET_RESULTS */;
/*!40101 SET @OLD_COLLATION_CONNECTION=@@COLLATION_CONNECTION */;
/*!50503 SET NAMES utf8 */;
/*!40103 SET @OLD_TIME_ZONE=@@TIME_ZONE */;
/*!40103 SET TIME_ZONE='+00:00' */;
/*!40014 SET @OLD_UNIQUE_CHECKS=@@UNIQUE_CHECKS, UNIQUE_CHECKS=0 */;
/*!40014 SET @OLD_FOREIGN_KEY_CHECKS=@@FOREIGN_KEY_CHECKS, FOREIGN_KEY_CHECKS=0 */;
/*!40101 SET @OLD_SQL_MODE=@@SQL_MODE, SQL_MODE='NO_AUTO_VALUE_ON_ZERO' */;
/*!40111 SET @OLD_SQL_NOTES=@@SQL_NOTES, SQL_NOTES=0 */;

--
-- Table structure for table `answer`
--

DROP TABLE IF EXISTS `answer`;
/*!40101 SET @saved_cs_client     = @@character_set_client */;
/*!50503 SET character_set_client = utf8mb4 */;
CREATE TABLE `answer` (
  `id` int NOT NULL AUTO_INCREMENT,
  `question_id` int DEFAULT NULL,
  `text` varchar(755) DEFAULT NULL,
  `img` varchar(225) DEFAULT NULL,
  `is_correct` tinyint(1) DEFAULT NULL,
  `create_date` datetime DEFAULT NULL,
  `delete_date` datetime DEFAULT NULL,
  `update_date` datetime DEFAULT NULL,
  `deleted` bit(1) NOT NULL,
  PRIMARY KEY (`id`),
  KEY `FK8frr4bcabmmeyyu60qt7iiblo` (`question_id`),
  CONSTRAINT `FK8frr4bcabmmeyyu60qt7iiblo` FOREIGN KEY (`question_id`) REFERENCES `question` (`id`),
  CONSTRAINT `fk_answer_question` FOREIGN KEY (`question_id`) REFERENCES `question` (`id`),
  CONSTRAINT `FKqj9cvha9cb5w4julwltdgiltk` FOREIGN KEY (`question_id`) REFERENCES `question` (`id`)
) ENGINE=InnoDB AUTO_INCREMENT=317 DEFAULT CHARSET=utf8mb4 COLLATE=utf8mb4_0900_ai_ci;
/*!40101 SET character_set_client = @saved_cs_client */;

--
-- Dumping data for table `answer`
--

LOCK TABLES `answer` WRITE;
/*!40000 ALTER TABLE `answer` DISABLE KEYS */;
INSERT INTO `answer` VALUES (17,1,'burn',NULL,1,NULL,NULL,NULL,_binary '\0'),(18,1,'hot',NULL,0,NULL,NULL,NULL,_binary '\0'),(19,2,'ice',NULL,1,NULL,NULL,NULL,_binary '\0'),(20,2,'cool',NULL,1,NULL,NULL,NULL,_binary '\0'),(21,3,'black',NULL,0,NULL,NULL,NULL,_binary '\0'),(22,3,'hard',NULL,0,NULL,NULL,NULL,_binary '\0'),(23,4,'while',NULL,1,NULL,NULL,NULL,_binary '\0'),(24,4,'smooth',NULL,0,NULL,NULL,NULL,_binary '\0'),(25,5,'duck',NULL,1,NULL,NULL,NULL,_binary '\0'),(26,5,'chiken',NULL,0,NULL,NULL,NULL,_binary '\0'),(27,5,NULL,'https://c8.alamy.com/comp/2BHG705/colourful-conceptual-images-2BHG705.jpg',0,NULL,NULL,NULL,_binary '\0'),(28,7,'Phần mặt đường và lề đường',NULL,0,NULL,NULL,NULL,_binary '\0'),(29,7,'Phần đường xe chạy',NULL,1,NULL,NULL,NULL,_binary '\0'),(30,7,'Phần đường xe cơ giới',NULL,0,NULL,NULL,NULL,_binary '\0'),(31,8,'Là một phần của phần đường xe chạy được chai theo chiều dọc của đường, sử dụng cho xe chạy',NULL,0,NULL,NULL,NULL,_binary '\0'),(32,8,'Là một phần của phần đường xe chạy được chia theo chiều dọc của đường, có bề rộng đủ cho xe chạy an toàn',NULL,1,NULL,NULL,NULL,_binary '\0'),(33,8,'Là một phần của phần đường xe chạy được chia theo chiều dọc của đường, có đủ bề rộng cho xe ô tô chạy an toàn',NULL,0,NULL,NULL,NULL,_binary '\0'),(34,9,'Là khoảng trống có kích thước giới hạn về chiều cao, chiều rộng của đường, cầu, bến phà, hầm đường bộ để các xe kể cả hàng hóa xếp trên xe đi qua được an toàn',NULL,1,NULL,NULL,NULL,_binary '\0'),(35,9,'Là khoảng trống có kích thước giới hạn về chiều rộng của đường, cầu, bến phà, hầm trên đường bộ để các xe kể cả hàng hóa xếp trên xe được đi qua an toàn',NULL,0,NULL,NULL,NULL,_binary '\0'),(36,9,'Là khoảng trống có kích thước giới hạn về chiều cao của đường, cầu, bến phà, hầm trên đường bộ để các xe được đi qua an toàn',NULL,0,NULL,NULL,NULL,_binary '\0'),(37,10,'Là bộ phận của đường để ngăn cách không cho các loại xe vào những nơi không được phép',NULL,0,NULL,NULL,NULL,_binary '\0'),(38,10,'Là bộ phận đươcng để phân tách phần đường xe chạy và hành lang an toàn giao thông',NULL,0,NULL,NULL,NULL,_binary '\0'),(39,10,'Là bộ phận của đường để phân chia mặt đường thành hai chiều xe chạy riêng biệt hoặc để phân chia phần đường của xe cơ giới và xe thô sơ',NULL,1,NULL,NULL,NULL,_binary '\0'),(40,11,'Dải phân cách gồm loại cố định và loại di động',NULL,0,NULL,NULL,NULL,_binary '\0'),(41,11,'Dải phân cách gồm tường chống ồn, hộ lan cứng và hộ lan mềm',NULL,1,NULL,NULL,NULL,_binary '\0'),(42,11,'Dải phân cách gồm giá long môn và biển báo hiệu đường bộ',NULL,0,NULL,NULL,NULL,_binary '\0'),(43,12,'asdasdas',NULL,1,NULL,NULL,NULL,_binary '\0'),(44,12,'dasdasd',NULL,1,NULL,NULL,NULL,_binary '\0'),(45,13,'asdasd',NULL,1,NULL,NULL,NULL,_binary '\0'),(46,13,'asdasd',NULL,NULL,NULL,NULL,NULL,_binary '\0'),(47,14,'Là người điều khiển xe cơ giới',NULL,1,NULL,NULL,NULL,_binary '\0'),(48,14,'Là người điều khiển xe thô sơ',NULL,0,NULL,NULL,NULL,_binary '\0'),(49,14,'Là người điều khiển xe có súc vật kéo',NULL,0,NULL,NULL,NULL,_binary '\0'),(50,15,'Đường không ưu tiên',NULL,0,NULL,NULL,NULL,_binary '\0'),(51,15,'Đường tỉnh lộ',NULL,0,NULL,NULL,NULL,_binary '\0'),(52,15,'Đường quốc lộ',NULL,0,NULL,NULL,NULL,_binary '\0'),(53,15,'Đường ưu tiên',NULL,1,NULL,NULL,NULL,_binary '\0'),(54,16,'Gồm ô tô, máy kéo, xe mô tô hai bánh, xe mô to ba bánh, xe gắn máy, xe cơ giới dùng cho người khuyết tật và xe máy chuyên dùng',NULL,0,NULL,NULL,NULL,_binary '\0'),(55,16,'Gồm xe ô tô; máy kéo; rơ moóc hoặc sơ mi rơ moóc được kéo bởi xe ô tô, máy kéo; xe mô tô hai bánh; xe mô tô ba bánh, xe gắn máy(kể cả xe máy điện) và các loại xe tương tự',NULL,1,NULL,NULL,NULL,_binary '\0'),(56,17,'Gồm xe đạp (kể cả xe đạp máy, xe đạp điện), xe xích lô, xe lăn dùng cho người khuyết tật, xe súc vật kéo và các loại xe tương tự',NULL,1,NULL,NULL,NULL,_binary '\0'),(57,17,'Gồm xe đạp(kể cả xe đạp máy, xe đạp điện), xe gắn máy, xe cơ giới dùng cho người khuyết tật và xe máy chuyên dùng',NULL,0,NULL,NULL,NULL,_binary '\0'),(58,17,'Gồm xe ô tô, máy kéo, rơ moóc hoặc sơ mi rơ mo óc được kéo bơi xe ô tô, máy kéo',NULL,0,NULL,NULL,NULL,_binary '\0'),(59,18,'Phương tiện giao thông cơ giới đường bộ',NULL,0,NULL,NULL,NULL,_binary '\0'),(60,18,'Phương tiện giao thông thô sơ đường bộ và xe máy chuyên dùng',NULL,0,NULL,NULL,NULL,_binary '\0'),(61,18,'Cả ý 1 và 2',NULL,1,NULL,NULL,NULL,_binary '\0'),(62,19,'Người điều khiển, người sử dụng phương tiện tham giao giao thông đường bộ',NULL,0,NULL,NULL,NULL,_binary '\0'),(63,19,'Người điều khiển, dẫn dắt súc vật, người đi bộ trên đường',NULL,0,NULL,NULL,NULL,_binary '\0'),(64,19,'Cả ý 1 và ý 2',NULL,1,NULL,NULL,NULL,_binary '\0'),(65,20,'Người điều khiển xe cơ giới, người điều khiển xe thô sơ',NULL,0,NULL,NULL,NULL,_binary '\0'),(66,20,'Người điều khiển xe máy chuyên dùng thao gia giao thông đường bộ',NULL,0,NULL,NULL,NULL,_binary '\0'),(67,20,'Cả ý 1 và ý 2',NULL,1,NULL,NULL,NULL,_binary '\0'),(68,21,'Là người điều khiển phương tiện tham gia giao thông tại nơi thi công, nơi ùn tắc giao thông, ở bến phà, tại cầu đường bộ đi chung với đường sắt',NULL,0,NULL,NULL,NULL,_binary '\0'),(69,21,'Là cảnh sát giao thông, người được giao nhiệm vụ hướng dẫn giao thông tại nơi thi công, nơi ùn tắc giao thông, ở bến phà, tại cầu đường bộ đi chung với đường sắt',NULL,1,NULL,NULL,NULL,_binary '\0'),(70,21,'Là người tham gia giao thông tại nơi thi công, nơi ùn tắt giao thông, ở bến phà, tại cầu đường bộ đi chung với đường sắt',NULL,0,NULL,NULL,NULL,_binary '\0'),(71,22,'Là trạng thái đừng yên của phương tiện giao thông không giới hạn thời gian để cho người lên xuống phương tiện, xếp dỡ hàng hóa hoặc thực hiện công việc khác',NULL,0,NULL,NULL,NULL,_binary '\0'),(72,22,'Là trạng thai đứng yên tạm thời của phương tiện giao thông trong một khoảng thời gian cần đủ để cho người lên, xuống phương tiện, xếp dỡ hàng hóa hoặc thực hiện công việc',NULL,0,NULL,NULL,NULL,_binary '\0'),(73,22,'Là trạng thái đứng yên của phương tiện giao thông không giới hạn thời gian giữa 02 lần vận chuyển hàng hóa hoặc hành khách',NULL,0,NULL,NULL,NULL,_binary '\0'),(74,23,'Là trạng thái đứng yên của phương tiện giao thông có giới hạn trong một khoảng thời gian cần thiết đủ để cho người lên, xuống phương tiện đó, xếp dỡ hàng hóa hoặc thực hiện công việc khác',NULL,0,NULL,NULL,NULL,_binary '\0'),(75,23,'Là trạng thái đứng yên của phương tiện giao thông không giới hạn thời gian',NULL,1,NULL,NULL,NULL,_binary '\0'),(76,24,'Đường dành riêng cho xe ô tô và một số loại xe chuyên dùng được phép đi vào theo quy đinh của luật giao thông đường bộ',NULL,0,NULL,NULL,NULL,_binary '\0'),(77,24,'Có dải phân cách phân chia đường cho xe chạy hai chiều riêng biệt mà dải phân cách này xe không được đi lên trên; không giao nhau cùng mức với một hoặc một số đường khác',NULL,0,NULL,NULL,NULL,_binary '\0'),(78,24,'Đường bố trí đầy đủ trang thiết bị phục vụ, bảo đảo giao thông liên tục, an toàn, rút ngắn thời gian hành trình và chỉ cho xe ra, vào ở những điểm nhất định',NULL,0,NULL,NULL,NULL,_binary '\0'),(79,24,'Tất cả các ý trên',NULL,1,NULL,NULL,NULL,_binary '\0'),(80,25,'Đỗ xe trên đường phố',NULL,0,NULL,NULL,NULL,_binary '\0'),(81,25,'Sử dụng xe đạp đi trên các tuyến quốc lộ có tốc độ cao',NULL,0,NULL,NULL,NULL,_binary '\0'),(82,25,'Làm hỏng (cố ý) cọc tiêu, giương cầu, dải phân cách',NULL,1,NULL,NULL,NULL,_binary '\0'),(83,25,'Sử dụng còi và quay đầu xe trong khu dân cư',NULL,0,NULL,NULL,NULL,_binary '\0'),(84,26,'Không bị nghiêm cấm',NULL,0,NULL,NULL,NULL,_binary '\0'),(85,26,'Bị nghiêm cấm',NULL,1,NULL,NULL,NULL,_binary '\0'),(86,26,'Bị nghiêm cấm tùy theo các tuyến đường',NULL,0,NULL,NULL,NULL,_binary '\0'),(87,26,'Bị nghiêm cấm tùy theo loại xe',NULL,0,NULL,NULL,NULL,_binary '\0'),(88,27,'Diễn ra trên đường phố không có người qua lại',NULL,0,NULL,NULL,NULL,_binary '\0'),(89,27,'Được người dân ủng hộ',NULL,0,NULL,NULL,NULL,_binary '\0'),(90,27,'Được cơ quan có thẩm quyền cấp phép',NULL,1,NULL,NULL,NULL,_binary '\0'),(91,28,'Bị nghiêm cấm',NULL,1,NULL,NULL,NULL,_binary '\0'),(92,28,'Không bị nghiêm cấm',NULL,0,NULL,NULL,NULL,_binary '\0'),(93,28,'Không bị nghiêm cấm, nếu có chất ma túy ở mức nhẹ, có thể điều khiển phương tiện tham gia giao thông',NULL,0,NULL,NULL,NULL,_binary '\0'),(94,29,'Không được phép',NULL,1,NULL,NULL,NULL,_binary '\0'),(95,29,'Chỉ được lái ở tốc độ chậm và quãng đường ngắn',NULL,0,NULL,NULL,NULL,_binary '\0'),(96,29,'Chỉ được lái nếu trong cơ thể có nồng độ cồn thấp',NULL,0,NULL,NULL,NULL,_binary '\0'),(97,30,'Bị nghiêm cấm',NULL,1,NULL,NULL,NULL,_binary '\0'),(98,30,'Không bị nghiêm cấm',NULL,0,NULL,NULL,NULL,_binary '\0'),(99,30,'Không bị nghiêm cấm nếu nồng độ cồn trong máu ở mức nhẹ có thể điều khiển được phương tiện giao thông',NULL,0,NULL,NULL,NULL,_binary '\0'),(100,31,'Chỉ bị nhắc nhở',NULL,0,NULL,NULL,NULL,_binary '\0'),(101,31,'Bị xử phạt hành chính hoặc có thể bị xử lý hình sự tùy theo mức độ vi phạm',NULL,1,NULL,NULL,NULL,_binary '\0'),(102,31,'Không bị xử lý hình sự',NULL,0,NULL,NULL,NULL,_binary '\0'),(103,32,'Người điều khiển: Xe ô tô, Xe mô tô, xe đạp, xe gắn máy',NULL,1,NULL,NULL,NULL,_binary '\0'),(104,32,'Người ngồi phía sau người điều khiển xe cơ giới',NULL,0,NULL,NULL,NULL,_binary '\0'),(105,32,'Người đi bộ',NULL,0,NULL,NULL,NULL,_binary '\0'),(106,32,'Cả ý 1 và ý 2',NULL,0,NULL,NULL,NULL,_binary '\0'),(107,33,'Chỉ được thực hiện nếu đã hướng dẫn đầy đủ',NULL,0,NULL,NULL,NULL,_binary '\0'),(108,33,'Không được phép',NULL,1,NULL,NULL,NULL,_binary '\0'),(109,33,'Được phép tùy từng trường hợp',NULL,0,NULL,NULL,NULL,_binary '\0'),(110,33,'Chỉ được phép thực hiện với thành viên trong gia đình',NULL,0,NULL,NULL,NULL,_binary '\0'),(111,34,'Bị nghiêm cấm tùy từng trường hợp',NULL,0,NULL,NULL,NULL,_binary '\0'),(112,34,'Không bị nghiêm cấm',NULL,0,NULL,NULL,NULL,_binary '\0'),(113,34,'Bị nghiêm cấm',NULL,1,NULL,NULL,NULL,_binary '\0'),(114,35,'Chỉ lớn hơn tốc độ tối đa cho phép khi đường vắng',NULL,0,NULL,NULL,NULL,_binary '\0'),(115,35,'Chỉ lớn hơn tốc độ tối đa cho phép vào ban đâm',NULL,0,NULL,NULL,NULL,_binary '\0'),(116,35,'Không vượ quá tốc độ cho phép',NULL,1,NULL,NULL,NULL,_binary '\0'),(117,36,'Đi về phía bên trái',NULL,0,NULL,NULL,NULL,_binary '\0'),(118,36,'Đi về phía bên phải',NULL,1,NULL,NULL,NULL,_binary '\0'),(119,36,'Đi ở giữa',NULL,0,NULL,NULL,NULL,_binary '\0'),(120,37,'Đi ở làn đường phải trong cùng',NULL,1,NULL,NULL,NULL,_binary '\0'),(121,37,'Đi ở làn phái bên trái',NULL,0,NULL,NULL,NULL,_binary '\0'),(122,37,'Đi ở làn giữa',NULL,0,NULL,NULL,NULL,_binary '\0'),(123,37,'Đi ở bất cứ làn nào nhưng phải bấm đèn cảnh báo nguy hiểm để báo hiệu cho các phương tiện khác',NULL,0,NULL,NULL,NULL,_binary '\0'),(124,38,'Không bị nghiêm cấm',NULL,0,NULL,NULL,NULL,_binary '\0'),(125,38,'Không bị nghiêm cấm khi rất vội',NULL,0,NULL,NULL,NULL,_binary '\0'),(126,38,'Bị nghiêm cấm',NULL,1,NULL,NULL,NULL,_binary '\0'),(127,38,'Không bị nghiêm cấm khi khẩn cẩn',NULL,0,NULL,NULL,NULL,_binary '\0'),(128,39,'Luôn có ý thức về tính tổ chức, kỷ luật, thực hiện nghiêm biểu đồ xe chạy được phân công; thực hiện đúng hành trình, lịch trình, đón trả khách đúng nơi quy định; giúp đỡ khách hàng khi đi xe, đặc biệt là những người khuyết tật, người gia, trẻ em và phụ nữ có thai, có con nhỏ',NULL,1,NULL,NULL,NULL,_binary '\0'),(129,39,'Luôn có ý thức về tính tổ chức, kỷ luật , thực hiện linh hoạt biểu đồ xe chạy được phân caoong để tiết kiệm chi phí; thực hiện đúng hành trình, lịc trình khi có khách di xe, đón trả khách ở những nơi thuận tiện cho hành khách đi xe',NULL,0,NULL,NULL,NULL,_binary '\0'),(130,40,'Vận chuyển hàng nguy hiểm nhưng có giấy phép',NULL,0,NULL,NULL,NULL,_binary '\0'),(131,40,'Vận chuyển động vật hoang dã nhưng thực hiện đủ các quy định có liên quan',NULL,0,NULL,NULL,NULL,_binary '\0'),(132,40,'Vận chuyển hàng cấm lưu thông; vận chuyển trái phép hàng nguy hiểm, động vật hoang dã',NULL,1,NULL,NULL,NULL,_binary '\0'),(133,41,'Cạnh tranh nhua nhằm tăng lợi nhuận',NULL,0,NULL,NULL,NULL,_binary '\0'),(134,41,'Giảm giá để thu hút khách hàng',NULL,0,NULL,NULL,NULL,_binary '\0'),(135,41,'Đe dọa, xúc phạm, tranh giành, lôi kéo khách; bắt ép hành khách sử dụng dịch vụ ngoài ý muốn; xuống khách nhằm trốn tránh phát hiện xe chở quá số người quy định',NULL,1,NULL,NULL,NULL,_binary '\0'),(136,42,'Không quá 4 giờ',NULL,1,NULL,NULL,NULL,_binary '\0'),(137,42,'Không quá 6 giờ',NULL,0,NULL,NULL,NULL,_binary '\0'),(138,42,'Không quá 8 giờ',NULL,0,NULL,NULL,NULL,_binary '\0'),(139,42,'Liên tục tùy thuộc vào khả năng và sức khỏe của người lái xe',NULL,0,NULL,NULL,NULL,_binary '\0'),(140,43,'Không quá 8 giờ',NULL,0,NULL,NULL,NULL,_binary '\0'),(141,43,'Không quá 10 giờ',NULL,1,NULL,NULL,NULL,_binary '\0'),(142,43,'Không quá 12 giờ',NULL,0,NULL,NULL,NULL,_binary '\0'),(143,43,'Không hạn chế tùy thuộc vào sức khỏe và khả năng của người lái xe',NULL,0,NULL,NULL,NULL,_binary '\0'),(144,44,'Đón, trả khách đúng nơi quy định, không chở hành khác trên mui, trong khoang hành lý hoặc để hành khách đu bám bên ngoài xe',NULL,0,NULL,NULL,NULL,_binary '\0'),(145,44,'Không chở hàng nguy hiểm, hành có mùi hôi thối hoặc dodogj vật, hàng hóa khách có ảnh hưởng đến sức khẻo của hành khách',NULL,0,NULL,NULL,NULL,_binary '\0'),(146,44,'Chở hành khách trên mui; để hàng hóa tỏng khoang chở khách, chở quá số người theo quy định',NULL,0,NULL,NULL,NULL,_binary '\0'),(147,44,'Cả ý 1 và ý 2',NULL,1,NULL,NULL,NULL,_binary '\0'),(148,45,'Kiểm tra các điều kiện bảo đảm an toàn của xe trước khi khởi hành; kiểm tra việc sắp xếp, chằng buộc hành lý, hàng hóa bảo đảm an toàn',NULL,0,NULL,NULL,NULL,_binary '\0'),(149,45,'Đóng cửa lên xuống của xe trước vá trong khi xe chạy',NULL,0,NULL,NULL,NULL,_binary '\0'),(150,45,'Đón trả khách tại vị trí do khách hàng yêu cầu',NULL,0,NULL,NULL,NULL,_binary '\0'),(151,45,'Cả ý 1 và ý 2',NULL,1,NULL,NULL,NULL,_binary '\0'),(152,46,'Tự ý thay đổi vị trí đón, trả khách theo hợp đồng vận chuyển hoặc đón thêm người ngoài danh sách khách đã đăng ký',NULL,0,NULL,NULL,NULL,_binary '\0'),(153,46,'Từ chối vận chuyển trước khi phương tiện rời bến, rời vị trí đón trả khách theo hợp đồng vận chuyển những người đã có vé hoặc người trong danh sách hợp đồng có hành vi gây rối trật tự công cộng, gây cản trở công việc kinh doanh vận tải, ảnh hưởng đến sức khỏe, tài sản của người khác, gian lận vé hoặc hành khách đang bị dịch bệnh nguy hiểm',NULL,1,NULL,NULL,NULL,_binary '\0'),(154,46,'Cả ý 1 và ý 2',NULL,0,NULL,NULL,NULL,_binary '\0'),(155,47,'Được vận chuyển theo đúng hợp đồng vận tải, cam kết của người kinh doanh về chất lượng vận tải; được miễn cước hành lý với trọng lượng không quá 20 kg với kích thước phù hợp của xe; được từ chối chuyến đi trước khi phương tiện khởi hành và được trả lại tiền vé theo quy định của bộ giao thông vận tải',NULL,1,NULL,NULL,NULL,_binary '\0'),(156,47,'Được vận chuyển theo hợp đồng vận tải, cam kết của người kinh doanh vận tải; ddowcj miễn cước hành lý với trọng lượng không quá 50 kg và ới kích thước không quá cồng kềnh; đươc từ chối chuyến đi trước khi phương tiện khởi hành và được trả lại tiền vé',NULL,0,NULL,NULL,NULL,_binary '\0'),(157,48,'Mua vé và trả cước, phí vận tải hành lý mang theo quá mức quy định; có mặt tại nơi xuất phát đúng theo thời gian đã thỏa thuận; chấp hành quy định về vận chuyển; thực hiện đúng hướng dẫn của lái xe, nhân viên phục vụ trên xe về các quy định đảm bảo trật tự, an toàn giao thông',NULL,1,NULL,NULL,NULL,_binary '\0'),(158,48,'Được mang theo hành lý, hàng hóa mà pháp luật cấm lư thông khi đã trả cước, phí vận tải',NULL,0,NULL,NULL,NULL,_binary '\0'),(159,48,'Cả ý 1 và ý 2',NULL,0,NULL,NULL,NULL,_binary '\0'),(160,49,'Yêu cầu người thuê vận tải cung cấp thông tin cần thiết về hàng hóa để ghi vào giấy vận chuyển và có quyền kiểm tra tính xác thực của các thông tin đó',NULL,1,NULL,NULL,NULL,_binary '\0'),(161,49,'Yêu cầu xếp hàng hóa vận chuyển trên xe vượt quá chiều cao quy định nhưng phải có chằng buộc chắc chắn',NULL,0,NULL,NULL,NULL,_binary '\0'),(162,49,'Yêu cầu xếp hàng hóa vượt trọng tải 10%',NULL,0,NULL,NULL,NULL,_binary '\0'),(163,50,'Cung cấp phương tiện và thực hiện thời gian địa điểm giao hàng hóa cho người nhận hàng theo điều kiện của người kinh doanh vận tải; chịu trách nhiệm về hậu quả mà người làm công, người đại diện gây ra do thực hiện yêu cầu của người kinh doanh vận tải phù hợp với quy định của pháp luật',NULL,0,NULL,NULL,NULL,_binary '\0'),(164,50,'Bồi thương thiệt hại cho người thuê vận tải do mất mát, hư hỏng hàng hóa xảy trong quá trình vận tỉa từ lúc nhận hàng đến lúc giao hàng; bồi thường thiệt hại do người làm công, người đại diện gây ra trng khi thực hiện công việc được người kinh doanh vận tải giao; chịu trách nhiệ về hậu quả mà người làm công, người đại diện gây ra do thực hiện yêu cầu của người kinh doanh vận tải trái vứi quy định của pháp luật',NULL,1,NULL,NULL,NULL,_binary '\0'),(165,50,'Cả ý 1 và ý 2',NULL,0,NULL,NULL,NULL,_binary '\0'),(166,51,'Từ chối xếp hàng lên phương tiện mà phương tiện đó không đúng thỏa thuận trong hợp đồng; yêu cầu người kinh doanh vận tải giao hàng đúng thời gian, địa điểm đã thỏa thuận trong hợp đồng; yêu cầu người kinh doanh vận tải bồi thường thiệt hại theo quy định của pháp luật',NULL,1,NULL,NULL,NULL,_binary '\0'),(167,51,'Từ chối xếp hàng hóa lên phương tiện khi thấy phương tiện đó không phù hợp với yêu cầu; yêu cầu người kinh doanh vận tải giao hàng trước thời hạn đã thảo thuận trong hợp đồng; yêu cầu người kinh daonh vận tỉa bồi thườn thiệt hại khi người kinh doanh vận tải gây thiệt hại',NULL,0,NULL,NULL,NULL,_binary '\0'),(168,52,'Chuẩn bị đầy đủ các giấy tờ hợp pháp về hàng hóa trức khi giao hàng hóa cho người kinh doanh vận tải; đóng gói hàng hóa đúng quy cách, ghi ký hiệu, mã hiệu hàng hóa đúng quy cách, ghi ký hiệu, mã hiệu hàng hóa đầy đủ, rõ ràng; giao hàng hóa cho người kinh doanh vận tải đúng thời gian, địa điểm và nội dung khác ghi trong giấy gửi hàng',NULL,1,NULL,NULL,NULL,_binary '\0'),(169,52,'Chuẩn bị đầy đủ các giấy tờ hợp pháp về phương tiện vận chuyển hàng hóa và giao cho người lái xe; xếp hàng hóa lên phương tiện vận chuyển đảm bảo an toàn; giao hàng hóa cho người nhận hàng đúng thời gian, địa điểm',NULL,0,NULL,NULL,NULL,_binary '\0'),(170,52,'Cả ý 1 và ý 2',NULL,0,NULL,NULL,NULL,_binary '\0'),(171,53,'Nhận và kiểm tra hàng hóa nhận được theo giấy vận chuyển hoặc chứng từ tương  dương khác; yêu cầu người kinh doanh vận tải thanh toán chi phí phát sinh do hàng hóa chậm',NULL,1,NULL,NULL,NULL,_binary '\0'),(172,53,'Yêu cầu hoặc thông báo cho người thuê vận tải để yêu cầu người lái xe bồi thường thiệt hại do mất mát, hư hỏng hàng hóa; nhận hàng hóa không theo gấy tờ vận chuyể hoặc chứng từ tương đương khác',NULL,0,NULL,NULL,NULL,_binary '\0'),(173,53,'Cả ý 1 và ý 2',NULL,0,NULL,NULL,NULL,_binary '\0'),(174,54,'Nhận hàng háo đúng thời gian, đại điểm đã thảo thuận',NULL,0,NULL,NULL,NULL,_binary '\0'),(175,54,'Xuất trình giấy vận chuyển và giấy tờ tùy thân cho người kinh doanh vận tải trước khi nhận hàng hóa; thanh toán chi phí phát sinh do nhận hàng chậm',NULL,0,NULL,NULL,NULL,_binary '\0'),(176,54,'Cả ý 1 và ý 2',NULL,1,NULL,NULL,NULL,_binary '\0'),(177,55,'Là hàng có kích thước vượt quá kíc thước và trọng lượng của xe',NULL,0,NULL,NULL,NULL,_binary '\0'),(178,55,'Là hàng có kích thước hoặc trọng lượng vượt quá giới hạn quy định nhưng cso thể tháo rời',NULL,0,NULL,NULL,NULL,_binary '\0'),(179,55,'Là hàng có kích thước hoặc trọng lượng vượt quá giới hạn quy định nhưng không thể tháo rời ra được',NULL,1,NULL,NULL,NULL,_binary '\0'),(180,56,'Tùy theo loại động vật sống, người kinh doanh vận tải yêu cầu người thuê vận tải áp tải hoặc chăm sóc trong quá trình vận tải',NULL,0,NULL,NULL,NULL,_binary '\0'),(181,56,'Người thuê vận tải chịu trách nhiệm về việc xếp dỡ động vật sống theo hướng dẫn của người kinh doanh vậ tải; trường hợp người thuê vận tải không thực hiện được thì phải trả cước, phí xếp, dỡ cho người kinh doanh vận tải',NULL,0,NULL,NULL,NULL,_binary '\0'),(182,56,'Cả ý 1 và ý 2',NULL,1,NULL,NULL,NULL,_binary '\0'),(183,57,'Phải có giấy phép do cơ quan có thẩm quyền cấp, xe vận chuyển hàng nguy hiểm không được dừng, đỗ nơi đông người, những nơi dễ xảy ra nguy hiểm',NULL,1,NULL,NULL,NULL,_binary '\0'),(184,57,'Phải được chuyên chở trên xe chuyên dùng để vận chuyển hàng nguy hiểm; xe vận chuyển hàng nguy hiểm phải chạy liên tục không được dừng, đỗ trong quá trình vận chuyển',NULL,0,NULL,NULL,NULL,_binary '\0'),(185,57,'Cả ý 1 và ý 2',NULL,0,NULL,NULL,NULL,_binary '\0'),(186,58,'Người lái xe buýt phải chạy đúng tuyến, đúng lịch trình và dừng đỗ đúng nơi quy định; người lái xe chở hàng phải hoạt động đúng tuyến, phạm vi và thời gain quy định đối với từng loại xe',NULL,1,NULL,NULL,NULL,_binary '\0'),(187,58,'Người lái xe buýt, xe chở hàng đón, trả khách, hàng hóa theo thỏa thuận giữa hành khách, chủ hàng và người lái xe',NULL,0,NULL,NULL,NULL,_binary '\0'),(188,59,'Hàng vận chuyển trên xe phải được xếp đặt gọn gang và chằng buộc chắc chắn',NULL,0,NULL,NULL,NULL,_binary '\0'),(189,59,'Khi vận chuyển hàng rời phải che đậy, không để rơi vãi',NULL,0,NULL,NULL,NULL,_binary '\0'),(190,59,'Cả ý 1 và ý 2',NULL,1,NULL,NULL,NULL,_binary '\0'),(191,60,NULL,NULL,NULL,NULL,NULL,NULL,_binary '\0'),(192,61,NULL,NULL,NULL,NULL,NULL,NULL,_binary '\0'),(193,62,NULL,NULL,NULL,NULL,NULL,NULL,_binary '\0'),(194,63,NULL,NULL,NULL,NULL,NULL,NULL,_binary '\0'),(195,64,NULL,NULL,NULL,NULL,NULL,NULL,_binary '\0'),(196,65,NULL,NULL,NULL,NULL,NULL,NULL,_binary '\0'),(197,66,NULL,NULL,NULL,NULL,NULL,NULL,_binary '\0'),(198,67,NULL,NULL,NULL,NULL,NULL,NULL,_binary '\0'),(199,68,NULL,NULL,NULL,NULL,NULL,NULL,_binary '\0'),(200,69,'Được khách hàng, xã hội tôn trọng; được đồng nghiệp quý mến, giúp đỡ; được doanh nghiệp tin dùng và đóng góp nhiều cho xã hội',NULL,0,NULL,NULL,NULL,_binary '\0'),(201,69,'Thu hút được khách hàng, góp phần quan trọng trong xây dựng thương hiệu, kinh doanh có hiệu quả cao',NULL,0,NULL,NULL,NULL,_binary '\0'),(202,69,'Cả ý 1 và ý 2',NULL,1,NULL,NULL,NULL,_binary '\0'),(203,70,'Thực hiện nghiêm chỉnh những nội dung hợp đồng giữa chủ phương tiện với chủ hàng trong việc vận chuyển và bảo quản hàng hóa trong quá trình vận chuyển; không chở hàng cấm, khoogn xếp hàng quá trọng tải của xe, quá trọng tải cho phép của cầu, đường; khi vận chuyển hàng quá khổ, quá tải, hàng nguy hiểm, hàng siêu trường, siêu trọng phải có giấy phép',NULL,0,NULL,NULL,NULL,_binary '\0'),(204,70,'Thực hiện nghiêm chỉnh những nội dung hợp đồng giữa chủ phương tiện với chủ hàng trong việc vận chuyển và bảo quản hàng hóa trong quá trình vận chuyển; trong trường hợp cần thiết có thể xếp hàng quá trọng tải của xe, quá trọng tải cho phép của cầu theo yêu cầu của chủ hàng; khi vận chuyển hàng quá khổ, quá tải, hàng nguy hiểm, hàng siêu trường, siêu trọng phải được chủ hàng cho phép',NULL,1,NULL,NULL,NULL,_binary '\0'),(205,71,'Phải yêu quá xe, quản lý và sử dụng xe tốt; bảo dưỡng xe đúng định kỳ; thực hành tiết kiệm vật tư, nhiên liệu; luôn tu dưỡng bản thân, có lối sống lành mạnh, tác phong làm việc công nghiệp',NULL,0,NULL,NULL,NULL,_binary '\0'),(206,71,'Nắm vững các quy định của pháp luật, tự giác chấp hành pháp luật, lái xe an toàn; coi hành khách như người thân, là đối tác tin cậy; có ý thức tổ chức kỷ luật và xây dựng doanh nghiệp vũng mạnh; có tinh thần hợp tác, tương trợ, giúp đỡ đồng nghiệp',NULL,0,NULL,NULL,NULL,_binary '\0'),(207,71,'Cả ý 1 và ý 2',NULL,1,NULL,NULL,NULL,_binary '\0'),(208,72,'Kiểm tra các điều kiện đảm bảo an toàn của xe sau khi khởi hành; có trách nhiệm lái xe thật nhanh khi nhận giờ của khách',NULL,0,NULL,NULL,NULL,_binary '\0'),(209,72,'Kiểm tra các điều kiện bảo dưỡng an toàn của xe trước khi khởi hành; có thái độ văn minh, lịch sự, hướng dẫn hành khách ngồi đúng nơi quy định; kiểm tra việc sắp xếp, chằng buộc hành lý, bảo đảm an toàn',NULL,0,NULL,NULL,NULL,_binary '\0'),(210,72,'Có biện pháp bảo vệ tính mạng, sức khỏe, tài sản của hành khách đi xe, giữ gìn trật tự, vệ sinh trong xe; đóng cửa lên xuống của xe trức và trong khi xe chạy',NULL,0,NULL,NULL,NULL,_binary '\0'),(211,72,'Cả ý 2 và ý 3',NULL,1,NULL,NULL,NULL,_binary '\0'),(212,73,'Là sự hiểu biết và chấp hành nghiêm chỉnh pháp luật về giao thông; là ý thức trách nhiệm với cộng đồng khi tham gia giao thông',NULL,0,NULL,NULL,NULL,_binary '\0'),(213,73,'Là ứng xử có văn hóa, có tình yêu thương con người trongc ác tình huống không may xảy ra khi tham gia giao thông',NULL,0,NULL,NULL,NULL,_binary '\0'),(214,73,'Cả ý 1 và ý 2',NULL,1,NULL,NULL,NULL,_binary '\0'),(215,74,'Cho xe chạy thật nhanh qua vũng nước',NULL,0,NULL,NULL,NULL,_binary '\0'),(216,74,'Giảm tốc độ cho xe chạy chậm qua vũng nước',NULL,1,NULL,NULL,NULL,_binary '\0'),(217,74,'Giảm tốc độ cho xe chạy qua làn đường dành cho mô tô để tránh vũng nước',NULL,0,NULL,NULL,NULL,_binary '\0'),(218,75,'Là bình thường',NULL,0,NULL,NULL,NULL,_binary '\0'),(219,75,'Là thiếu văn hóa giao thông',NULL,1,NULL,NULL,NULL,_binary '\0'),(220,75,'Là có văn hóa giao thông',NULL,0,NULL,NULL,NULL,_binary '\0'),(221,76,'Thực hiện cầm máu trực tiếp',NULL,0,NULL,NULL,NULL,_binary '\0'),(222,76,'Thực hiện cầm máu không trực tiếp(chặn động mạch)',NULL,1,NULL,NULL,NULL,_binary '\0'),(223,77,'Có trách nhiệm với bản than và với cộng đồng, tôn trọng, nhường nhịn người khác',NULL,0,NULL,NULL,NULL,_binary '\0'),(224,77,'Tận tình giúp đỡ người tham gia giao thông gặp hoạn nạn, giúp đỡ người khuyết tật, trẻ em và người cao tuổi',NULL,0,NULL,NULL,NULL,_binary '\0'),(225,77,'Cả ý 1 và ý 2',NULL,1,NULL,NULL,NULL,_binary '\0'),(226,78,'Điều khiển xe đi trên phần đường, làn đường có ít phương tiện tham gia giao thông, chỉ đội mũ bảo hiểm ở nơi có biển báo bắt buộc đội mũ bảo hiểm',NULL,0,NULL,NULL,NULL,_binary '\0'),(227,78,'Chấp hành quy định về tốc độ, đèn tìn hiệu, biển báo hiệu, vạch kẻ đường khi lái xe, chấp hành hiệu lệnh, chỉ dẫn của người điều khiển giao thông, nhường đường cho người đi bộ, người già, trẻ em, người khuyết tật',NULL,1,NULL,NULL,NULL,_binary '\0'),(228,78,'Cả ý 1 và ý 2',NULL,0,NULL,NULL,NULL,_binary '\0'),(229,79,'Điều khiển xe đi bên phải theo chiều đi của minh, đi đúng phần đường, làn đường quy định, đội mũ bảo hiểm đạt chuẩn, cài quai đúng quy cách',NULL,1,NULL,NULL,NULL,_binary '\0'),(230,79,'Điều khiển xe đi trên phần đường, làn đường có ít phương tiện tham gia giao thông',NULL,0,NULL,NULL,NULL,_binary '\0'),(231,79,'Đội mũ bảo hiểm ở nơi có biển báo bắt buộc đội mũ bảo hiểm',NULL,0,NULL,NULL,NULL,_binary '\0'),(232,80,'Điều khiển xe đi bên phải theo chiều đi của minh; đi đúng phần đường, làn đường quy đinh; dừng, đỗ xe đúng nơi quy định; đã uống rượu, bia thì không lái xe',NULL,1,NULL,NULL,NULL,_binary '\0'),(233,80,'Điều khiển xe đi phần đường, làn đường có ít phương tiện giao thông; dừng xe, đỗ xe ở nơi thuận tiện hoặc theo yêu cầu của hành khách, của người than',NULL,0,NULL,NULL,NULL,_binary '\0'),(234,80,'Dừng và đỗ xe ở nơi thuận tiện cho việc giao nhận hành khách và hàng hóa; sử dụng ít rượu, bia thì có thể lái xe',NULL,0,NULL,NULL,NULL,_binary '\0'),(235,81,'Có giấy phép lái xe phù hợp với loại xe được phép điều khiển; xe cơ giới đảm bảo các quy định về chất lượng, an toàn kỹ thuật và bảo vệ môi trường',NULL,0,NULL,NULL,NULL,_binary '\0'),(236,81,'Có giấy chúng nhận bảo hiểm trách nhiệm dân sự của chủ xe cơ giới còn hiệu lực; nộp phí sử dụng đường bộ theo quy định',NULL,0,NULL,NULL,NULL,_binary '\0'),(237,81,'Cả ý 1 và ý 2',NULL,1,NULL,NULL,NULL,_binary '\0'),(238,82,'Đặt các biển cảnh báo hoặc vật báo hiệu ở phía trước và phía sau hiện trường xảy ra tai nạn để cảnh báo; kiểm tra khả năng xảy ra hỏa hoạn do nhiên liệu bị rò rỉ; bảo vệ hiện trường vụ tai nạn và cấp cứu người bị thương',NULL,1,NULL,NULL,NULL,_binary '\0'),(239,82,'Đặt các biển cảnh báo hoặc vật báo hiệu ở phía trên nóc xe xảy ra tại nạn để cảnh báo; kiểm tra khả năng xảy ra mất an toàn do nước làm mát bị rò rỉ; di chuyển hiện trượng vụ tai nạn để giao thông thông suốt',NULL,0,NULL,NULL,NULL,_binary '\0'),(240,82,'Cả ý 1 và ý 2',NULL,0,NULL,NULL,NULL,_binary '\0'),(241,83,'Thực hiện sơ cứu ban đầu trong trường hợp khẩn cấp; thông báo vụ tai nạn đến cơ quan thi hành pháp luật',NULL,1,NULL,NULL,NULL,_binary '\0'),(242,83,'Nhanh chóng lãi e gây tai nạn hoặc đi nhờ xe khác ra khỏi hiện trường vụ tai nạ',NULL,0,NULL,NULL,NULL,_binary '\0'),(243,83,'Cả ý 1 và ý 2',NULL,0,NULL,NULL,NULL,_binary '\0'),(244,84,'Đặt nạn nhân nằm ngửa, khai thông đường thở của nạn nhân',NULL,0,NULL,NULL,NULL,_binary '\0'),(245,84,'Thực hiện các biện pháp hô hấp nhân tạo',NULL,0,NULL,NULL,NULL,_binary '\0'),(246,84,'Cả ý 1 và ý 2',NULL,1,NULL,NULL,NULL,_binary '\0'),(247,85,'Không bị nghiêm cấm',NULL,0,NULL,NULL,NULL,_binary '\0'),(248,85,'Nghiêm cấm tùy từng trường hợp cụ thể',NULL,0,NULL,NULL,NULL,_binary '\0'),(249,85,'Bị nghiêm cấm',NULL,1,NULL,NULL,NULL,_binary '\0'),(250,86,'Xâm phạm tính mạng, sức khỏe, tài sản của người bị nạn và người gây tai nạn',NULL,0,NULL,NULL,NULL,_binary '\0'),(251,86,'Bỏ trốn sau khi gây tai nạn để trốn tránh trách nhiệm',NULL,0,NULL,NULL,NULL,_binary '\0'),(252,86,'Cả ý 1 và ý 2',NULL,1,NULL,NULL,NULL,_binary '\0'),(253,87,'Xâm phạm tính mạng, sức khỏe, tài sản của người bị nạn và người gây tai nạn',NULL,1,NULL,NULL,NULL,_binary '\0'),(254,87,'Sơ cứu người bị tai nạn khi cơ quan có thẩm quyền chưa cho phép',NULL,0,NULL,NULL,NULL,_binary '\0'),(255,87,'Sơ cứu người gây tai nạn khi cơ quan có thẩm quyền chưa cho phép',NULL,0,NULL,NULL,NULL,_binary '\0'),(256,88,'Cho xe lấn sang làn ngược chiều để nhanh chóng thoát khỏi nơi ùn tắc',NULL,0,NULL,NULL,NULL,_binary '\0'),(257,88,'Điều khiển xe lên vỉa hè để nhanh chóng thoát khỏi nơi ùn tắc',NULL,0,NULL,NULL,NULL,_binary '\0'),(258,88,'Kiên nhân tuân thủ hướng dẫn của người điều khiển giao thông hoặc tín hiệu giao thông, di chuyển trên đúng phần đường bên phải theo chiều đi, nhường đường cho các phương tiện đi ngược chiều để nút tắc nhanh chóng được giải tỏa',NULL,1,NULL,NULL,NULL,_binary '\0'),(259,89,'Bấm còi liên tục thúc giục các phương tiện phía trước nhường đường',NULL,0,NULL,NULL,NULL,_binary '\0'),(260,89,'Đi lên vỉa hè, tận dụng mọi khoảng trống để nhanh chóng thoát khỏi nơi ùn tắc',NULL,0,NULL,NULL,NULL,_binary '\0'),(261,89,'Lấn sang làn đường bên trái cố gắng vượt lên xe khác',NULL,0,NULL,NULL,NULL,_binary '\0'),(262,89,'Tất cả các ý nêu trên',NULL,1,NULL,NULL,NULL,_binary '\0'),(263,90,'Giữ tay ga ở mức độ phù hợp, sử dụng phanh trước và phanh sau để giảm tốc độ',NULL,1,NULL,NULL,NULL,_binary '\0'),(264,90,'Nhả hết tay ga, tắt động cơ, sử dụng phanh trước và phanh sau để giảm tốc độ',NULL,0,NULL,NULL,NULL,_binary '\0'),(265,90,'Sử dụng phanh trước để giảm tốc độ kết hợp với tắt chìa khóa điện của xe',NULL,0,NULL,NULL,NULL,_binary '\0'),(266,91,'Đạo bàn đạp phanh chân hết hành trình, vào số và nhả phanh tay nếu có, kiểm tra lại xem có bị nhầm số không rồi mưới cho xe lăn bánh',NULL,1,NULL,NULL,NULL,_binary '\0'),(267,91,'Đạp bàn đạp để tăng ga với mức độ phù hợp, vào số và kiểm tra xem có bị nhầm số không rồi mới cho xe lăn bánh',NULL,0,NULL,NULL,NULL,_binary '\0'),(268,92,'Dùng lực tay phải kéo cần phanh tay về phía sau hết hành trình; nếu khóa hãm bị kẹt cứng phải đẩy mạnh phanh tay về phái trước, sau đó bóp khóa hãm',NULL,0,NULL,NULL,NULL,_binary '\0'),(269,92,'Dùng lực tay phải bóp khóa hãm đẩy cần phanh tay vê phía trước hết hành trình; nếu khóa hãm bị kẹt cứng phải kéo cần phanh tay về phái sau đồng thời bóp khóa hãm',NULL,1,NULL,NULL,NULL,_binary '\0'),(270,92,'Dùng lực tay phải đẩy cần phanh tay về phía trước hết hành trình; nếu khóa hãm bị kẹt cứng phải đẩy mạnh cần phanh tay về phái trước, sau đó bóp khóa hãm',NULL,0,NULL,NULL,NULL,_binary '\0'),(271,93,'Kiểm tra an toàn xung quanh xe ô tô, nhả từ từ đến ½ hành trình bàn đạp ly hợp (côn) và giữu trong khoảng 3 giây; vào số 1; nhả hết phanh tay, báo hiệu bằng còi, đèn trước khi xuất phát; tang ga đủ để xuất phát, sau đó vừa tang ga vừa nhả hết ly hợp để cho xe ô tô chuyển động',NULL,0,NULL,NULL,NULL,_binary '\0'),(272,93,'Kiểm tra an toàn xung quanh xe ô tô; đạp ly hợp (côn) hết hành trình; vào số 1; nhả hết phanh tay, báo hiệu bằng còi, đèn trước khi xuất phát; tang ga đủ để xuất phát; nhả từ từ đến ½ hành trình bàn đạp ly hợp và giữ trong khoảng 3 giây, sau đó vừa tang ga vừa nhả hết ly hợp (côn) để cho xe ô tô chuyển động',NULL,1,NULL,NULL,NULL,_binary '\0'),(273,94,'Quan sát biển báo hiệu để biết nơi được phép quay đầu; quan sát kỹ địa hình nơi chọn để quay đầu; lựa chọn quỹ đạo quay đầu xe cho thích hợp;  quay đầu xe với tốc độ thấp; thường xuyên báo tín hiệu để người, các phương tiện xung quanh được biết; nếu quay đầu xe ở nơi nguy hiểm thì đưa đầu xe về phía nguy hiểm, đưa đuôi xe về phái an toàn',NULL,1,NULL,NULL,NULL,_binary '\0'),(274,94,'Quan sát biển báo để biết nơi được phép; quan sát kỹ địa hình nơi chọn để quay đầu; lựa chọn quỹ đạo quay đầu x echo thích hợp;  quay đầu xe với tốc độ tối đa; thường xuyên báo tín hiệu để người, các phương tiện xung quanh được biết; nếu quay đầu xe ở nơi nguy hiểm thì đưa đuôi xe về phía nguy hiểm và đầu xe về phía an toàn',NULL,0,NULL,NULL,NULL,_binary '\0'),(275,95,'Không nên đi cố vào đường hệp; xe đi ở phía sườn núi nên dừng lại trước để nhường đường ; khi dừng xe nhường đường phải đổ ngay ngắn',NULL,0,NULL,NULL,NULL,_binary '\0'),(276,95,'Trong khi tránh nhau không nên đổi số; khi tránh nhau ban đêm phải tắt đèn pha, bật đèn cốt',NULL,0,NULL,NULL,NULL,_binary '\0'),(277,95,'Khi tránh nhau ban đêm, phải thường xuyên bật đèn pha tắt đèn cốt',NULL,0,NULL,NULL,NULL,_binary '\0'),(278,95,'Cả ý 1 và ý 2',NULL,1,NULL,NULL,NULL,_binary '\0'),(279,96,'Tăng lên số cao từ chân dốc, điều chỉnh ga cho xe nhanh lên đốc; đến gần đỉnh dốc phải tăng ga để xe nhanh chóng qua dốc; về số thấp, đi sát về phái bên phải đường, có tín hiệu (còi, đèn) để báo cho người lái xe đi ngược chiều biết',NULL,0,NULL,NULL,NULL,_binary '\0'),(280,96,'Về số thấp từ chân dốc, điều chỉnh ga cho xe từ từ lên dốc; đến gần đỉnh dốc phải đi chậm, đi sát về phía bên phải đường, có tín hiệu (còi, đèn) để báo cho người lái xe đi ngược chiều biết',NULL,1,NULL,NULL,NULL,_binary '\0'),(281,97,'Tăng lên số cao, nhả bàn đạp ga ở mức độ phù hợp, kết hợp phanh chân để không chế tốc độ',NULL,0,NULL,NULL,NULL,_binary '\0'),(282,97,'Về số thấp, nhả bàn đạp ga ở mức độ phù hợp, kết hợp phanh chân để không chế tốc độ',NULL,1,NULL,NULL,NULL,_binary '\0'),(283,97,'Về số không (N), nhả bàn đạp ga ở mức độ phù hợp, kết hợp phanh chân để không chế tốc độ',NULL,0,NULL,NULL,NULL,_binary '\0'),(284,98,'Có tín hiệu rẻ phải, điều khiển xe sát vào lề đường bên phải; đạp phanh sớm và mạnh hơn lúc mạnh hơn lúc dừng xe trên đường bằng để xe đi với tốc độ chậm đến mức đễ dàng dừng lại được; về số 1, đạp nửa ly hợp (côn) cho xe đến chổ dừng; khi xe đã dừng, về số không (N), đạp phanh chân và kéo phanh tay',NULL,1,NULL,NULL,NULL,_binary '\0'),(285,98,'Có tín hiệu rẻ phải, điều khiển xe sát vào lề bên trái; đạp hết hành trình ly hợp (côn) và nhả bàn đạp ga để xe đi với tốc độ chậm đến mức dễ dàng dừng lại được tại chỗ dừng; khi xe đã dừng, đạp và giữ phanh chân',NULL,0,NULL,NULL,NULL,_binary '\0'),(286,98,'Có tín hiệu rẻ trái, điều khiển xe sát vào lề đường bên phải; đạp phanh sớm và mạnh hơn lúc mạnh hơn lúc dừng xe trên đường bằng để xe đi với tốc độ chậm đến mức đễ dàng dừng lại được; về số không (N) để xe đi đến chỗ dừng, khi xe đã dừng, kéo phanh tay',NULL,0,NULL,NULL,NULL,_binary '\0'),(287,99,'Quan sát cẩn thận các chướng ngại vật và báo hiệu bằng còi, đèn; giảm tốc độ tới mức cần thiết, về số thấp và thực hiện quay vòng với tốc độ phù hợp với bán kính cong của đường vòng',NULL,1,NULL,NULL,NULL,_binary '\0'),(288,99,'Quan sát cẩn thận các chướng ngại vật và báo hiệu bằng còi, đè; tang tốc nhanh chóng qua đường vòng và giảm tốc độ sau khi qua đường vòng',NULL,0,NULL,NULL,NULL,_binary '\0'),(289,100,'Có tín hiệu rẽ phải, quan sát an toàn phía sau; điều khiển xe sang làn đường bên trái; giảm tốc độ và quan sát an toàn phía bên phải để điều khiển xe qua chỗ đường giao nhau',NULL,0,NULL,NULL,NULL,_binary '\0'),(290,100,'Cách chỗ rẽ một khoảng cách an toàn có tín hiệu rẽ phải; quan sát an toàn phía sau; điều khiển xe bám sát vào phía phải đường; giảm tốc độ và quan sát an toàn phía bên phải để điều khiển xe qua chỗ đường giao nhau',NULL,1,NULL,NULL,NULL,_binary '\0'),(291,100,'Cách chỗ rẽ một khoảng cách an toàn có tín hiệu rẽ phải; quan sát an toàn phía sau; điều khiển xe bám sát vào phía phải đường; tang tốc độ và quan sát an toàn phía bên trái để điều khiển xe qua chỗ đường giao nhau',NULL,0,NULL,NULL,NULL,_binary '\0'),(292,101,'Cách chỗ rẽ một khoảng cách an toàn giảm tốc độ, có tín hiệu rẽ trái xin đổi làn đường; quan sát an toàn xung quanh đặc biệt là bên trái; đổi sang làn đường bên trái; cho xe chạy chậm tới phía trong của tâm đường giao nhau mưới rẽ trái để điều khiển xe qua chỗ đường giao nhau',NULL,1,NULL,NULL,NULL,_binary '\0'),(293,101,'Cách chỗ rẽ một khoảng cách an toàn có tín hiệu rẽ trái, tăng tốc để xe nhanh chóng qua chỗ đường giao nhau; có tín hiệu đổi làn đường; quan sát an toàn xung quanh đặc biệt là bên trái; đổi làn đường sang phải để mwor rộng vòng cua',NULL,0,NULL,NULL,NULL,_binary '\0'),(294,102,'Gài số một (1) và từ từ cho hai bánh xe trước xuống rãnh, tăng ga cho hai bánh trước vượt lên khỏi rãnh, tăng số, tăng tốc độ để bánh xe sau vượt qua rãnh',NULL,0,NULL,NULL,NULL,_binary '\0'),(295,102,'Tăng ga, tăng số để hai bánh xe trước và bánh xe sau vượt qua khỏi rãnh và chạy bình thường',NULL,0,NULL,NULL,NULL,_binary '\0'),(296,102,'Gài số một (1) và từ từ cho hai bánh xe trước xuống rãnh, tăng ga cho hai bánh trước vượt lên khỏi rãnh, tiếp tục để bánh xe sau từ từ xuống rãnh rồi tăng dần ga cho xe ô tô lên khỏi rãnh',NULL,1,NULL,NULL,NULL,_binary '\0'),(297,103,'Khi có chuông báo hoặc thanh chắn đã hạ xuống, người lái xe phải dừng xe tạm thời đúng khoảng cách an toàn, kéo phanh tay nếu đường dốc hoặc phải chờ lâu',NULL,0,NULL,NULL,NULL,_binary '\0'),(298,103,'Khi không có chuông báo hoặc thanh chắn không hạ xuống, người lái xe phải quan sát nếu thấy đủ điều kiện an toàn thì về số thấp, tăng ga nhẹ để tránh động cơ chết máy cho xe vượt qua',NULL,0,NULL,NULL,NULL,_binary '\0'),(299,103,'Cả ý 1 và ý 2',NULL,1,NULL,NULL,NULL,_binary '\0'),(300,104,'Khi chạy trên đường xấu, nhiều ổ gà nên chạy chậm để thùng xe không bị lắc mạnh, không gây hiện tượng lệch “ben”; khi chạy vào đường vòng, cần giảm tốc độ, không lấy lái gấp và không phanh gấp',NULL,0,NULL,NULL,NULL,_binary '\0'),(301,104,'Khi chạy trên đường quốc lộ, đường bằng phẳng  không cần hạ hết thùng xe xuống',NULL,0,NULL,NULL,NULL,_binary '\0'),(302,104,'Khi đổ hàng phải chọn vị trí có nền đường cứng và phẳng, dừng hẳn xe, kéo chặt phanh tay; sau đó mới điều khiển cơ cấu nâng “ben” để đõ hàng, đổ xong hàng mới hạ thùng xuống',NULL,0,NULL,NULL,NULL,_binary '\0'),(303,104,'Cả ý 1 và ý 3',NULL,0,NULL,NULL,NULL,_binary '\0'),(304,105,'Không được nhìn xuống buồng lái, cần phải tăng thứ tự từ thấp đến cao, phối hợp các động tác phải nhịp nhàng, chính xác',NULL,1,NULL,NULL,NULL,_binary '\0'),(305,105,'Nhìn xuống buồng lái để biết chính xác vị trí các tay số, cần phải tăng thứ tự từ thấp đến cao, phối hợp các động tác phải nhịp nhàng, vù ga phải phù hợp với tốc độ',NULL,0,NULL,NULL,NULL,_binary '\0'),(306,106,'Nhìn xuống buồng lái để biết chính xác vị trí các tay số, cần phải giảm thứ tự từ cao đến thấp, phối hợp các động tác phải nhịp nhàng, chính xác',NULL,0,NULL,NULL,NULL,_binary '\0'),(307,106,'Không được nhìn xuống buồng lái, phối hợp các động tác phải nhịp nhàng, chính xác, vù ga phải phù hợp với tốc độ',NULL,1,NULL,NULL,NULL,_binary '\0'),(308,107,'Nhả bàn đạp ga, đạp ly hợp (côn) hết hành trình, đạp mạnh phanh chân để giảm tốc độ',NULL,0,NULL,NULL,NULL,_binary '\0'),(309,107,'Về số thấp phù hợp, nhả bàn đạp ga, đạp phanh chân với mức độ phù hợp để giảm tốc độ',NULL,1,NULL,NULL,NULL,_binary '\0'),(310,107,'Nhả bàn đạp ga, tăng lên số cao, đạp phanh chân với mức độ phù hợp để giảm tốc độ',NULL,0,NULL,NULL,NULL,_binary '\0'),(311,108,'Tăng lên số cao, tăng ga và giảm ga liên tục để thay đổi tốc độ, giữ vững tay lái để ô tô vượt qua đoạn đường ngập nước',NULL,0,NULL,NULL,NULL,_binary '\0'),(312,108,'Đạp ly hợp (côn) hết hành trình, tăng ga và giảm ga liên tục để thay đổi tốc độ, giữ vững tay lái để ô tô vượt qua đoạn đường ngập nước',NULL,0,NULL,NULL,NULL,_binary '\0'),(313,108,'Quan sát, ước lượng độ ngập nước mà xe ô tô có thể vượt qua an toàn, về số thấp, giữu đều ga và giữu vững tay lái để ô tô vượt qua đoạn đường ngập nước',NULL,1,NULL,NULL,NULL,_binary '\0'),(314,109,'Chuyển từ đèn chiếu xa sang đèn chiếu gần; không nhìn thẳng vào đèn của xe chạy ngược chiều mà nhìn chếch sang phía phải theo chiều chuyển động của xe mình',NULL,1,NULL,NULL,NULL,_binary '\0'),(315,109,'Chuyển từ đèn chiếu gần sang đèn chiếu xa; không nhìn thẳng vào đèn của xe chạy ngược chiều mà nhìn chếch sang phía phải theo chiều chuyển động của xe mình',NULL,0,NULL,NULL,NULL,_binary '\0'),(316,109,'Chuyển từ đèn chiếu xa sang đèn chiếu gần; nhìn thẳng vào đèn của xe chạy ngược chiều để tránh xe đảm bảo an toàn',NULL,0,NULL,NULL,NULL,_binary '\0');
/*!40000 ALTER TABLE `answer` ENABLE KEYS */;
UNLOCK TABLES;

--
-- Table structure for table `category`
--

DROP TABLE IF EXISTS `category`;
/*!40101 SET @saved_cs_client     = @@character_set_client */;
/*!50503 SET character_set_client = utf8mb4 */;
CREATE TABLE `category` (
  `id` int NOT NULL AUTO_INCREMENT,
  `name` varchar(775) DEFAULT NULL,
  `create_date` date DEFAULT NULL,
  `update_date` date DEFAULT NULL,
  `delete_date` date DEFAULT NULL,
  `deleted` tinyint NOT NULL DEFAULT '0',
  `id_user` bigint DEFAULT NULL,
  `img` varchar(255) DEFAULT NULL,
  `submit` int NOT NULL,
  PRIMARY KEY (`id`)
) ENGINE=InnoDB AUTO_INCREMENT=7 DEFAULT CHARSET=utf8mb4 COLLATE=utf8mb4_0900_ai_ci;
/*!40101 SET character_set_client = @saved_cs_client */;

--
-- Dumping data for table `category`
--

LOCK TABLES `category` WRITE;
/*!40000 ALTER TABLE `category` DISABLE KEYS */;
INSERT INTO `category` VALUES (1,'600 CÂU HỎI SÁT HẠCH CẤP GIẤY PHÉP LÁI XE',NULL,NULL,NULL,0,NULL,NULL,9),(2,'other',NULL,NULL,'2021-07-08',1,NULL,NULL,0),(6,'other 3',NULL,NULL,'2021-07-08',1,NULL,NULL,0);
/*!40000 ALTER TABLE `category` ENABLE KEYS */;
UNLOCK TABLES;

--
-- Table structure for table `historyanswer`
--

DROP TABLE IF EXISTS `historyanswer`;
/*!40101 SET @saved_cs_client     = @@character_set_client */;
/*!50503 SET character_set_client = utf8mb4 */;
CREATE TABLE `historyanswer` (
  `id` int NOT NULL AUTO_INCREMENT,
  `text` longtext,
  `img` varchar(255) DEFAULT NULL,
  `is_correct` tinyint DEFAULT NULL,
  `history_question_id` int DEFAULT NULL,
  `is_select` tinyint NOT NULL DEFAULT '0',
  PRIMARY KEY (`id`),
  KEY `FKtfqe9le451s2p3d6m231y6el0` (`history_question_id`),
  CONSTRAINT `fk_historyanswer_historyquestion` FOREIGN KEY (`history_question_id`) REFERENCES `historyquestion` (`id`),
  CONSTRAINT `FKolf4bc1lvp6llg4wfr2s4f3v3` FOREIGN KEY (`history_question_id`) REFERENCES `historyquestion` (`id`),
  CONSTRAINT `FKtfqe9le451s2p3d6m231y6el0` FOREIGN KEY (`history_question_id`) REFERENCES `historyquestion` (`id`)
) ENGINE=InnoDB AUTO_INCREMENT=1010 DEFAULT CHARSET=utf8mb4 COLLATE=utf8mb4_0900_ai_ci;
/*!40101 SET character_set_client = @saved_cs_client */;

--
-- Dumping data for table `historyanswer`
--

LOCK TABLES `historyanswer` WRITE;
/*!40000 ALTER TABLE `historyanswer` DISABLE KEYS */;
INSERT INTO `historyanswer` VALUES (1,'fire',NULL,1,1,0),(2,'water',NULL,0,1,0),(3,'earth',NULL,0,2,0),(4,'wind',NULL,1,2,0),(5,'black',NULL,0,3,1),(6,'hard',NULL,0,3,0),(7,'smooth',NULL,0,4,0),(8,'while',NULL,1,4,0),(9,'duck',NULL,1,5,0),(10,'flamingo',NULL,0,5,0),(11,'chiken',NULL,0,5,0),(12,'hard',NULL,0,6,1),(13,'black',NULL,0,6,0),(14,'while',NULL,1,7,0),(15,'smooth',NULL,0,7,1),(16,'burn',NULL,1,8,1),(17,'hot',NULL,0,8,0),(18,'ice',NULL,1,9,0),(19,'cool',NULL,1,9,1),(20,'chiken',NULL,0,10,0),(21,'duck',NULL,1,10,1),(22,'flamingo',NULL,0,10,0),(23,'hard',NULL,0,11,1),(24,'black',NULL,0,11,0),(25,'while',NULL,1,12,0),(26,'smooth',NULL,0,12,1),(27,'ice',NULL,1,13,1),(28,'cool',NULL,1,13,0),(29,'black',NULL,0,14,1),(30,'hard',NULL,0,14,1),(31,'while',NULL,1,15,1),(32,'smooth',NULL,0,15,0),(33,'burn',NULL,1,16,1),(34,'hot',NULL,0,16,1),(35,'black',NULL,0,17,1),(36,'hard',NULL,0,17,0),(37,'burn',NULL,1,18,0),(38,'hot',NULL,0,18,1),(39,'while',NULL,1,19,1),(40,'smooth',NULL,0,19,1),(41,'cool',NULL,1,20,1),(42,'ice',NULL,1,20,0),(43,'smooth',NULL,0,21,0),(44,'while',NULL,1,21,1),(45,'black',NULL,0,22,0),(46,'hard',NULL,0,22,0),(47,'ice',NULL,1,23,1),(48,'cool',NULL,1,23,0),(49,'burn',NULL,1,24,0),(50,'hot',NULL,0,24,1),(51,'hot',NULL,0,25,1),(52,'burn',NULL,1,25,0),(53,'smooth',NULL,0,26,0),(54,'while',NULL,1,26,1),(55,'ice',NULL,1,27,0),(56,'cool',NULL,1,27,1),(57,'black',NULL,0,28,1),(58,'hard',NULL,0,28,0),(59,'while',NULL,1,29,0),(60,'smooth',NULL,0,29,0),(61,'hard',NULL,0,30,0),(62,'black',NULL,0,30,0),(63,'hot',NULL,0,31,0),(64,'burn',NULL,1,31,0),(65,'ice',NULL,1,32,0),(66,'cool',NULL,1,32,0),(67,'ice',NULL,1,33,1),(68,'cool',NULL,1,33,0),(69,'black',NULL,0,34,0),(70,'hard',NULL,0,34,1),(71,'burn',NULL,1,35,0),(72,'hot',NULL,0,35,1),(73,'while',NULL,1,36,1),(74,'smooth',NULL,0,36,0),(75,'duck',NULL,1,37,1),(76,'chiken',NULL,0,37,0),(77,'flamingo',NULL,0,37,1),(78,'hard',NULL,0,38,0),(79,'black',NULL,0,38,1),(80,'while',NULL,1,39,1),(81,'smooth',NULL,0,39,0),(82,'ice',NULL,1,40,1),(83,'cool',NULL,1,40,0),(84,'while',NULL,1,41,1),(85,'smooth',NULL,0,41,1),(86,'hard',NULL,0,42,1),(87,'black',NULL,0,42,0),(88,'hot',NULL,0,43,0),(89,'burn',NULL,1,43,1),(90,'hard',NULL,0,44,1),(91,'black',NULL,0,44,0),(92,'hot',NULL,0,45,0),(93,'burn',NULL,1,45,1),(94,'ice',NULL,1,46,1),(95,'cool',NULL,1,46,0),(96,'smooth',NULL,0,47,0),(97,'while',NULL,1,47,1),(98,'while',NULL,1,48,1),(99,'smooth',NULL,0,48,0),(100,'black',NULL,0,49,0),(101,'hard',NULL,0,49,1),(102,'flamingo',NULL,0,50,1),(103,'duck',NULL,1,50,1),(104,'chiken',NULL,0,50,0),(105,'hot',NULL,0,51,1),(106,'burn',NULL,1,51,0),(107,'ice',NULL,1,52,0),(108,'cool',NULL,1,52,1),(109,'while',NULL,1,53,1),(110,'smooth',NULL,0,53,0),(111,'black',NULL,0,54,0),(112,'hard',NULL,0,54,1),(113,'ice',NULL,1,55,1),(114,'cool',NULL,1,55,0),(115,'hard',NULL,0,56,0),(116,'black',NULL,0,56,1),(117,'hot',NULL,0,57,1),(118,'burn',NULL,1,57,0),(119,'smooth',NULL,0,58,0),(120,'while',NULL,1,58,1),(121,'while',NULL,1,59,1),(122,'smooth',NULL,0,59,0),(123,'duck',NULL,1,60,0),(124,'chiken',NULL,0,60,1),(125,'flamingo',NULL,0,60,1),(126,'hard',NULL,0,61,1),(127,'black',NULL,0,61,0),(128,'hard',NULL,0,62,1),(129,'black',NULL,0,62,0),(130,'duck',NULL,1,63,0),(131,'chiken',NULL,0,63,1),(132,'flamingo',NULL,0,63,1),(133,'while',NULL,1,64,1),(134,'smooth',NULL,0,64,0),(135,'chiken',NULL,0,65,0),(136,'flamingo',NULL,0,65,0),(137,'duck',NULL,1,65,0),(138,'black',NULL,0,66,0),(139,'hard',NULL,0,66,0),(140,'smooth',NULL,0,67,0),(141,'while',NULL,1,67,0),(142,'smooth',NULL,0,68,0),(143,'while',NULL,1,68,0),(144,'flamingo',NULL,0,69,0),(145,'chiken',NULL,0,69,0),(146,'duck',NULL,1,69,0),(147,'black',NULL,0,70,0),(148,'hard',NULL,0,70,0),(149,'hard',NULL,0,71,0),(150,'black',NULL,0,71,0),(151,'while',NULL,1,72,0),(152,'smooth',NULL,0,72,0),(153,'chiken',NULL,0,73,0),(154,'flamingo',NULL,0,73,0),(155,'duck',NULL,1,73,0),(156,'hard',NULL,0,74,0),(157,'black',NULL,0,74,0),(158,'while',NULL,1,75,0),(159,'smooth',NULL,0,75,0),(160,'chiken',NULL,0,76,0),(161,'flamingo',NULL,0,76,0),(162,'duck',NULL,1,76,0),(163,'hard',NULL,0,77,0),(164,'black',NULL,0,77,0),(165,'while',NULL,1,78,0),(166,'smooth',NULL,0,78,0),(167,'chiken',NULL,0,79,0),(168,'flamingo',NULL,0,79,0),(169,'duck',NULL,1,79,0),(170,'hard',NULL,0,80,0),(171,'black',NULL,0,80,0),(172,'while',NULL,1,81,0),(173,'smooth',NULL,0,81,0),(174,'chiken',NULL,0,82,0),(175,'flamingo',NULL,0,82,0),(176,'duck',NULL,1,82,0),(177,'hard',NULL,0,83,0),(178,'black',NULL,0,83,0),(179,'while',NULL,1,84,0),(180,'smooth',NULL,0,84,0),(181,'chiken',NULL,0,85,0),(182,'flamingo',NULL,0,85,0),(183,'duck',NULL,1,85,0),(184,'hard',NULL,0,86,0),(185,'black',NULL,0,86,0),(186,'while',NULL,1,87,0),(187,'smooth',NULL,0,87,0),(188,'chiken',NULL,0,88,0),(189,'flamingo',NULL,0,88,0),(190,'duck',NULL,1,88,0),(191,'hard',NULL,0,89,0),(192,'black',NULL,0,89,0),(193,'while',NULL,1,90,0),(194,'smooth',NULL,0,90,0),(195,'chiken',NULL,0,91,0),(196,'flamingo',NULL,0,91,0),(197,'duck',NULL,1,91,0),(198,'hard',NULL,0,92,0),(199,'black',NULL,0,92,0),(200,'while',NULL,1,93,0),(201,'smooth',NULL,0,93,0),(202,'chiken',NULL,0,94,0),(203,'flamingo',NULL,0,94,0),(204,'duck',NULL,1,94,0),(205,'hard',NULL,0,95,0),(206,'black',NULL,0,95,0),(207,'while',NULL,1,96,0),(208,'smooth',NULL,0,96,0),(209,'chiken',NULL,0,97,0),(210,'flamingo',NULL,0,97,0),(211,'duck',NULL,1,97,0),(212,'hard',NULL,0,98,0),(213,'black',NULL,0,98,0),(214,'while',NULL,1,99,0),(215,'smooth',NULL,0,99,0),(216,'chiken',NULL,0,100,0),(217,'flamingo',NULL,0,100,0),(218,'duck',NULL,1,100,0),(219,'hard',NULL,0,101,0),(220,'black',NULL,0,101,0),(221,'while',NULL,1,102,0),(222,'smooth',NULL,0,102,0),(223,'chiken',NULL,0,103,0),(224,'flamingo',NULL,0,103,0),(225,'duck',NULL,1,103,0),(226,'hard',NULL,0,104,0),(227,'black',NULL,0,104,0),(228,'while',NULL,1,105,0),(229,'smooth',NULL,0,105,0),(230,'chiken',NULL,0,106,0),(231,'flamingo',NULL,0,106,0),(232,'duck',NULL,1,106,0),(233,'hard',NULL,0,107,0),(234,'black',NULL,0,107,0),(235,'while',NULL,1,108,0),(236,'smooth',NULL,0,108,0),(237,'chiken',NULL,0,109,0),(238,'flamingo',NULL,0,109,0),(239,'duck',NULL,1,109,0),(240,'hard',NULL,0,110,0),(241,'black',NULL,0,110,0),(242,'while',NULL,1,111,0),(243,'smooth',NULL,0,111,0),(244,'chiken',NULL,0,112,0),(245,'flamingo',NULL,0,112,0),(246,'duck',NULL,1,112,0),(247,'hard',NULL,0,113,0),(248,'black',NULL,0,113,0),(249,'while',NULL,1,114,0),(250,'smooth',NULL,0,114,0),(251,'chiken',NULL,0,115,0),(252,'flamingo',NULL,0,115,0),(253,'duck',NULL,1,115,0),(254,'hard',NULL,0,116,0),(255,'black',NULL,0,116,0),(256,'while',NULL,1,117,0),(257,'smooth',NULL,0,117,0),(258,'chiken',NULL,0,118,0),(259,'flamingo',NULL,0,118,0),(260,'duck',NULL,1,118,0),(261,'hard',NULL,0,119,0),(262,'black',NULL,0,119,0),(263,'while',NULL,1,120,0),(264,'smooth',NULL,0,120,0),(265,'chiken',NULL,0,121,0),(266,'flamingo',NULL,0,121,0),(267,'duck',NULL,1,121,0),(268,'hard',NULL,0,122,0),(269,'black',NULL,0,122,0),(270,'while',NULL,1,123,0),(271,'smooth',NULL,0,123,0),(272,'chiken',NULL,0,124,0),(273,'flamingo',NULL,0,124,0),(274,'duck',NULL,1,124,0),(275,'hard',NULL,0,125,0),(276,'black',NULL,0,125,0),(277,'while',NULL,1,126,0),(278,'smooth',NULL,0,126,0),(279,'chiken',NULL,0,127,0),(280,'flamingo',NULL,0,127,0),(281,'duck',NULL,1,127,0),(282,'hard',NULL,0,128,0),(283,'black',NULL,0,128,0),(284,'while',NULL,1,129,0),(285,'smooth',NULL,0,129,0),(286,'chiken',NULL,0,130,0),(287,'flamingo',NULL,0,130,0),(288,'duck',NULL,1,130,0),(289,'hard',NULL,0,131,0),(290,'black',NULL,0,131,0),(291,'while',NULL,1,132,0),(292,'smooth',NULL,0,132,0),(293,'chiken',NULL,0,133,0),(294,'flamingo',NULL,0,133,0),(295,'duck',NULL,1,133,0),(296,'hard',NULL,0,134,0),(297,'black',NULL,0,134,0),(298,'while',NULL,1,135,0),(299,'smooth',NULL,0,135,0),(300,'chiken',NULL,0,136,0),(301,'flamingo',NULL,0,136,0),(302,'duck',NULL,1,136,0),(303,'hard',NULL,0,137,0),(304,'black',NULL,0,137,0),(305,'while',NULL,1,138,0),(306,'smooth',NULL,0,138,0),(307,'chiken',NULL,0,139,0),(308,'flamingo',NULL,0,139,0),(309,'duck',NULL,1,139,0),(310,'hard',NULL,0,140,0),(311,'black',NULL,0,140,0),(312,'while',NULL,1,141,0),(313,'smooth',NULL,0,141,0),(314,'chiken',NULL,0,142,0),(315,'flamingo',NULL,0,142,0),(316,'duck',NULL,1,142,0),(317,'hard',NULL,0,143,0),(318,'black',NULL,0,143,0),(319,'while',NULL,1,144,0),(320,'smooth',NULL,0,144,0),(321,'chiken',NULL,0,145,0),(322,'flamingo',NULL,0,145,0),(323,'duck',NULL,1,145,0),(324,'hard',NULL,0,146,0),(325,'black',NULL,0,146,0),(326,'while',NULL,1,147,0),(327,'smooth',NULL,0,147,0),(328,'chiken',NULL,0,148,0),(329,'flamingo',NULL,0,148,0),(330,'duck',NULL,1,148,0),(331,'hard',NULL,0,149,0),(332,'black',NULL,0,149,0),(333,'while',NULL,1,150,0),(334,'smooth',NULL,0,150,0),(335,'chiken',NULL,0,151,0),(336,'flamingo',NULL,0,151,0),(337,'duck',NULL,1,151,0),(338,'hard',NULL,0,152,0),(339,'black',NULL,0,152,0),(340,'while',NULL,1,153,0),(341,'smooth',NULL,0,153,0),(342,'chiken',NULL,0,154,0),(343,'flamingo',NULL,0,154,0),(344,'duck',NULL,1,154,0),(345,'hard',NULL,0,155,0),(346,'black',NULL,0,155,0),(347,'while',NULL,1,156,0),(348,'smooth',NULL,0,156,0),(349,'chiken',NULL,0,157,0),(350,'flamingo',NULL,0,157,0),(351,'duck',NULL,1,157,0),(352,'hard',NULL,0,158,0),(353,'black',NULL,0,158,0),(354,'while',NULL,1,159,0),(355,'smooth',NULL,0,159,0),(356,'chiken',NULL,0,160,0),(357,'flamingo',NULL,0,160,0),(358,'duck',NULL,1,160,0),(359,'hard',NULL,0,161,0),(360,'black',NULL,0,161,0),(361,'while',NULL,1,162,0),(362,'smooth',NULL,0,162,0),(363,'chiken',NULL,0,163,0),(364,'flamingo',NULL,0,163,0),(365,'duck',NULL,1,163,0),(366,'hard',NULL,0,164,0),(367,'black',NULL,0,164,0),(368,'while',NULL,1,165,0),(369,'smooth',NULL,0,165,0),(370,'chiken',NULL,0,166,0),(371,'flamingo',NULL,0,166,0),(372,'duck',NULL,1,166,0),(373,'hard',NULL,0,167,0),(374,'black',NULL,0,167,0),(375,'while',NULL,1,168,0),(376,'smooth',NULL,0,168,0),(377,'chiken',NULL,0,169,0),(378,'flamingo',NULL,0,169,0),(379,'duck',NULL,1,169,0),(380,'hard',NULL,0,170,0),(381,'black',NULL,0,170,0),(382,'while',NULL,1,171,0),(383,'smooth',NULL,0,171,0),(384,'chiken',NULL,0,172,0),(385,'flamingo',NULL,0,172,0),(386,'duck',NULL,1,172,0),(387,'hard',NULL,0,173,0),(388,'black',NULL,0,173,0),(389,'while',NULL,1,174,0),(390,'smooth',NULL,0,174,0),(391,'chiken',NULL,0,175,0),(392,'flamingo',NULL,0,175,0),(393,'duck',NULL,1,175,0),(394,'hard',NULL,0,176,0),(395,'black',NULL,0,176,0),(396,'while',NULL,1,177,0),(397,'smooth',NULL,0,177,0),(398,'chiken',NULL,0,178,0),(399,'flamingo',NULL,0,178,0),(400,'duck',NULL,1,178,0),(401,'hard',NULL,0,179,0),(402,'black',NULL,0,179,0),(403,'while',NULL,1,180,0),(404,'smooth',NULL,0,180,0),(405,'chiken',NULL,0,181,0),(406,'flamingo',NULL,0,181,0),(407,'duck',NULL,1,181,0),(408,'hard',NULL,0,182,0),(409,'black',NULL,0,182,0),(410,'while',NULL,1,183,0),(411,'smooth',NULL,0,183,0),(412,'chiken',NULL,0,184,0),(413,'flamingo',NULL,0,184,0),(414,'duck',NULL,1,184,0),(415,'hard',NULL,0,185,0),(416,'black',NULL,0,185,0),(417,'while',NULL,1,186,0),(418,'smooth',NULL,0,186,0),(419,'chiken',NULL,0,187,0),(420,'flamingo',NULL,0,187,0),(421,'duck',NULL,1,187,0),(422,'hard',NULL,0,188,0),(423,'black',NULL,0,188,0),(424,'while',NULL,1,189,0),(425,'smooth',NULL,0,189,0),(426,'chiken',NULL,0,190,0),(427,'flamingo',NULL,0,190,0),(428,'duck',NULL,1,190,0),(429,'hard',NULL,0,191,0),(430,'black',NULL,0,191,0),(431,'while',NULL,1,192,0),(432,'smooth',NULL,0,192,0),(433,'chiken',NULL,0,193,0),(434,'flamingo',NULL,0,193,0),(435,'duck',NULL,1,193,0),(436,'hard',NULL,0,194,0),(437,'black',NULL,0,194,0),(438,'while',NULL,1,195,0),(439,'smooth',NULL,0,195,0),(440,'chiken',NULL,0,196,0),(441,'flamingo',NULL,0,196,0),(442,'duck',NULL,1,196,0),(443,'hard',NULL,0,197,0),(444,'black',NULL,0,197,0),(445,'while',NULL,1,198,0),(446,'smooth',NULL,0,198,0),(447,'chiken',NULL,0,199,0),(448,'flamingo',NULL,0,199,0),(449,'duck',NULL,1,199,0),(450,'hard',NULL,0,200,0),(451,'black',NULL,0,200,0),(452,'while',NULL,1,201,0),(453,'smooth',NULL,0,201,0),(454,'chiken',NULL,0,202,0),(455,'flamingo',NULL,0,202,0),(456,'duck',NULL,1,202,0),(457,'hard',NULL,0,203,0),(458,'black',NULL,0,203,0),(459,'while',NULL,1,204,0),(460,'smooth',NULL,0,204,0),(461,'chiken',NULL,0,205,0),(462,'flamingo',NULL,0,205,0),(463,'duck',NULL,1,205,0),(464,'hard',NULL,0,206,0),(465,'black',NULL,0,206,0),(466,'while',NULL,1,207,0),(467,'smooth',NULL,0,207,0),(468,'chiken',NULL,0,208,0),(469,'flamingo',NULL,0,208,0),(470,'duck',NULL,1,208,0),(471,'hard',NULL,0,209,0),(472,'black',NULL,0,209,0),(473,'while',NULL,1,210,0),(474,'smooth',NULL,0,210,0),(475,'chiken',NULL,0,211,0),(476,'flamingo',NULL,0,211,0),(477,'duck',NULL,1,211,0),(478,'hard',NULL,0,212,0),(479,'black',NULL,0,212,0),(480,'while',NULL,1,213,0),(481,'smooth',NULL,0,213,0),(482,'chiken',NULL,0,214,0),(483,'flamingo',NULL,0,214,0),(484,'duck',NULL,1,214,0),(485,'hard',NULL,0,215,0),(486,'black',NULL,0,215,0),(487,'while',NULL,1,216,0),(488,'smooth',NULL,0,216,0),(489,'chiken',NULL,0,217,0),(490,'flamingo',NULL,0,217,0),(491,'duck',NULL,1,217,0),(492,'burn',NULL,1,218,1),(493,'hot',NULL,0,218,0),(494,'cool',NULL,1,219,0),(495,'ice',NULL,1,219,1),(496,'black',NULL,0,220,1),(497,'hard',NULL,0,220,0),(498,'smooth',NULL,0,221,0),(499,'while',NULL,1,221,0),(500,'burn',NULL,1,222,1),(501,'hot',NULL,0,222,0),(502,'cool',NULL,1,223,0),(503,'ice',NULL,1,223,1),(504,'black',NULL,0,224,1),(505,'hard',NULL,0,224,0),(506,'smooth',NULL,0,225,0),(507,'while',NULL,1,225,0),(508,'burn',NULL,1,226,1),(509,'hot',NULL,0,226,0),(510,'cool',NULL,1,227,0),(511,'ice',NULL,1,227,1),(512,'black',NULL,0,228,1),(513,'hard',NULL,0,228,0),(514,'smooth',NULL,0,229,0),(515,'while',NULL,1,229,0),(516,'burn',NULL,1,230,1),(517,'hot',NULL,0,230,0),(518,'cool',NULL,1,231,0),(519,'ice',NULL,1,231,1),(520,'black',NULL,0,232,1),(521,'hard',NULL,0,232,0),(522,'smooth',NULL,0,233,0),(523,'while',NULL,1,233,0),(524,'burn',NULL,1,234,1),(525,'hot',NULL,0,234,0),(526,'cool',NULL,1,235,0),(527,'ice',NULL,1,235,1),(528,'black',NULL,0,236,1),(529,'hard',NULL,0,236,0),(530,'smooth',NULL,0,237,0),(531,'while',NULL,1,237,0),(532,'burn',NULL,1,238,1),(533,'hot',NULL,0,238,0),(534,'cool',NULL,1,239,0),(535,'ice',NULL,1,239,1),(536,'black',NULL,0,240,1),(537,'hard',NULL,0,240,0),(538,'smooth',NULL,0,241,0),(539,'while',NULL,1,241,0),(540,'burn',NULL,1,242,1),(541,'hot',NULL,0,242,0),(542,'cool',NULL,1,243,0),(543,'ice',NULL,1,243,1),(544,'black',NULL,0,244,1),(545,'hard',NULL,0,244,0),(546,'smooth',NULL,0,245,0),(547,'while',NULL,1,245,0),(548,'burn',NULL,1,246,1),(549,'hot',NULL,0,246,0),(550,'cool',NULL,1,247,0),(551,'ice',NULL,1,247,1),(552,'black',NULL,0,248,1),(553,'hard',NULL,0,248,0),(554,'smooth',NULL,0,249,0),(555,'while',NULL,1,249,0),(556,'burn',NULL,1,250,1),(557,'hot',NULL,0,250,0),(558,'cool',NULL,1,251,0),(559,'ice',NULL,1,251,1),(560,'black',NULL,0,252,1),(561,'hard',NULL,0,252,0),(562,'smooth',NULL,0,253,0),(563,'while',NULL,1,253,0),(564,'burn',NULL,1,254,1),(565,'hot',NULL,0,254,0),(566,'cool',NULL,1,255,0),(567,'ice',NULL,1,255,1),(568,'black',NULL,0,256,1),(569,'hard',NULL,0,256,0),(570,'smooth',NULL,0,257,0),(571,'while',NULL,1,257,0),(572,'burn',NULL,1,258,1),(573,'hot',NULL,0,258,0),(574,'cool',NULL,1,259,0),(575,'ice',NULL,1,259,1),(576,'black',NULL,0,260,1),(577,'hard',NULL,0,260,0),(578,'smooth',NULL,0,261,0),(579,'while',NULL,1,261,0),(580,'burn',NULL,1,262,1),(581,'hot',NULL,0,262,0),(582,'cool',NULL,1,263,0),(583,'ice',NULL,1,263,1),(584,'black',NULL,0,264,1),(585,'hard',NULL,0,264,0),(586,'smooth',NULL,0,265,0),(587,'while',NULL,1,265,0),(588,'burn',NULL,1,266,1),(589,'hot',NULL,0,266,0),(590,'cool',NULL,1,267,0),(591,'ice',NULL,1,267,1),(592,'black',NULL,0,268,1),(593,'hard',NULL,0,268,0),(594,'smooth',NULL,0,269,0),(595,'while',NULL,1,269,0),(596,'burn',NULL,1,270,1),(597,'hot',NULL,0,270,0),(598,'cool',NULL,1,271,0),(599,'ice',NULL,1,271,1),(600,'black',NULL,0,272,1),(601,'hard',NULL,0,272,0),(602,'smooth',NULL,0,273,0),(603,'while',NULL,1,273,0),(604,'burn',NULL,1,274,1),(605,'hot',NULL,0,274,0),(606,'cool',NULL,1,275,0),(607,'ice',NULL,1,275,1),(608,'black',NULL,0,276,1),(609,'hard',NULL,0,276,0),(610,'smooth',NULL,0,277,0),(611,'while',NULL,1,277,0),(612,'hard',NULL,0,278,0),(613,'black',NULL,0,278,0),(614,'cool',NULL,1,279,0),(615,'ice',NULL,1,279,0),(616,'while',NULL,1,280,0),(617,'smooth',NULL,0,280,0),(618,'hot',NULL,0,281,0),(619,'burn',NULL,1,281,0),(620,'hard',NULL,0,282,1),(621,'black',NULL,0,282,0),(622,'chiken',NULL,0,283,0),(623,'duck',NULL,1,283,1),(624,'flamingo',NULL,0,283,0),(625,'while',NULL,1,284,0),(626,'smooth',NULL,0,284,0),(627,'hard',NULL,0,285,1),(628,'black',NULL,0,285,0),(629,'chiken',NULL,0,286,0),(630,'duck',NULL,1,286,1),(631,'flamingo',NULL,0,286,0),(632,'while',NULL,1,287,0),(633,'smooth',NULL,0,287,0),(634,'while',NULL,1,288,1),(635,'smooth',NULL,0,288,0),(636,'chiken',NULL,0,289,0),(637,'flamingo',NULL,0,289,1),(638,'duck',NULL,1,289,1),(639,'hard',NULL,0,290,0),(640,'black',NULL,0,290,0),(641,'while',NULL,1,291,0),(642,'smooth',NULL,0,291,0),(643,'duck',NULL,1,292,0),(644,'flamingo',NULL,0,292,0),(645,'chiken',NULL,0,292,0),(646,'hard',NULL,0,293,0),(647,'black',NULL,0,293,0),(648,'black',NULL,0,294,0),(649,'hard',NULL,0,294,1),(650,'flamingo',NULL,0,295,1),(651,'chiken',NULL,0,295,1),(652,'duck',NULL,1,295,0),(653,'while',NULL,1,296,0),(654,'smooth',NULL,0,296,0),(655,'hot',NULL,0,297,0),(656,'burn',NULL,1,297,0),(657,'black',NULL,0,298,0),(658,'hard',NULL,0,298,0),(659,'while',NULL,1,299,0),(660,'smooth',NULL,0,299,0),(661,'cool',NULL,1,300,0),(662,'ice',NULL,1,300,0),(663,'hot',NULL,0,301,0),(664,'burn',NULL,1,301,0),(665,'black',NULL,0,302,0),(666,'hard',NULL,0,302,0),(667,'while',NULL,1,303,0),(668,'smooth',NULL,0,303,0),(669,'cool',NULL,1,304,0),(670,'ice',NULL,1,304,0),(671,'cool',NULL,1,305,0),(672,'ice',NULL,1,305,0),(673,'hot',NULL,0,306,0),(674,'burn',NULL,1,306,0),(675,'hard',NULL,0,307,0),(676,'black',NULL,0,307,0),(677,'while',NULL,1,308,0),(678,'smooth',NULL,0,308,0),(679,'smooth',NULL,0,309,1),(680,'while',NULL,1,309,0),(681,'chiken',NULL,0,310,0),(682,NULL,'https://c8.alamy.com/comp/2BHG705/colourful-conceptual-images-2BHG705.jpg',0,310,0),(683,'duck',NULL,1,310,1),(684,'black',NULL,0,311,0),(685,'hard',NULL,0,311,0),(686,'ice',NULL,1,312,1),(687,'cool',NULL,1,312,0),(688,'hot',NULL,0,313,0),(689,'burn',NULL,1,313,1),(690,'hard',NULL,0,314,0),(691,'black',NULL,0,314,0),(692,'while',NULL,1,315,1),(693,'smooth',NULL,0,315,0),(694,'black',NULL,0,316,1),(695,'hard',NULL,0,316,0),(696,'hot',NULL,0,317,0),(697,'burn',NULL,1,317,1),(698,'ice',NULL,1,318,1),(699,'cool',NULL,1,318,0),(700,'while',NULL,1,319,0),(701,'smooth',NULL,0,319,1),(702,'black',NULL,0,320,0),(703,'hard',NULL,0,320,0),(704,'duck',NULL,1,321,0),(705,'chiken',NULL,0,321,0),(706,NULL,'https://c8.alamy.com/comp/2BHG705/colourful-conceptual-images-2BHG705.jpg',0,321,0),(707,'smooth',NULL,0,322,0),(708,'while',NULL,1,322,0),(709,'hard',NULL,0,323,1),(710,'black',NULL,0,323,0),(711,'ice',NULL,1,324,0),(712,'cool',NULL,1,324,1),(713,'while',NULL,1,325,1),(714,'smooth',NULL,0,325,0),(715,'hot',NULL,0,326,0),(716,'burn',NULL,1,326,1),(717,'smooth',NULL,0,327,0),(718,'while',NULL,1,327,1),(719,'hot',NULL,0,328,1),(720,'burn',NULL,1,328,0),(721,'black',NULL,0,329,0),(722,'hard',NULL,0,329,1),(723,'ice',NULL,1,330,1),(724,'cool',NULL,1,330,1),(725,'cool',NULL,1,331,0),(726,'ice',NULL,1,331,1),(727,'burn',NULL,1,332,0),(728,'hot',NULL,0,332,1),(729,'while',NULL,1,333,0),(730,'smooth',NULL,0,333,1),(731,'black',NULL,0,334,0),(732,'hard',NULL,0,334,1),(733,'burn',NULL,1,335,0),(734,'hot',NULL,0,335,1),(735,'smooth',NULL,0,336,0),(736,'while',NULL,1,336,1),(737,'black',NULL,0,337,0),(738,'hard',NULL,0,337,1),(739,'cool',NULL,1,338,1),(740,'ice',NULL,1,338,0),(741,'ice',NULL,1,339,0),(742,'cool',NULL,1,339,1),(743,'hot',NULL,0,340,0),(744,'burn',NULL,1,340,1),(745,'while',NULL,1,341,1),(746,'smooth',NULL,0,341,0),(747,'hard',NULL,0,342,0),(748,'black',NULL,0,342,1),(749,'Liên tục tùy thuộc vào khả năng và sức khỏe của người lái xe',NULL,NULL,343,0),(750,'Không quá 6 giờ',NULL,NULL,343,1),(751,'Không quá 8 giờ',NULL,NULL,343,0),(752,'Không quá 4 giờ',NULL,1,343,0),(753,'Cả ý 1 và ý 2',NULL,1,344,1),(754,'Người điều khiển xe cơ giới, người điều khiển xe thô sơ',NULL,NULL,344,0),(755,'Người điều khiển xe máy chuyên dùng thao gia giao thông đường bộ',NULL,NULL,344,0),(756,'Là một phần của phần đường xe chạy được chia theo chiều dọc của đường, có đủ bề rộng cho xe ô tô chạy an toàn',NULL,NULL,345,1),(757,'Là một phần của phần đường xe chạy được chia theo chiều dọc của đường, có bề rộng đủ cho xe chạy an toàn',NULL,1,345,0),(758,'Là một phần của phần đường xe chạy được chai theo chiều dọc của đường, sử dụng cho xe chạy',NULL,0,345,0),(759,'Được mang theo hành lý, hàng hóa mà pháp luật cấm lư thông khi đã trả cước, phí vận tải',NULL,NULL,346,0),(760,'Cả ý 1 và ý 2',NULL,NULL,346,1),(761,'Mua vé và trả cước, phí vận tải hành lý mang theo quá mức quy định; có mặt tại nơi xuất phát đúng theo thời gian đã thỏa thuận; chấp hành quy định về vận chuyển; thực hiện đúng hướng dẫn của lái xe, nhân viên phục vụ trên xe về các quy định đảm bảo trật tự, an toàn giao thông',NULL,1,346,0),(762,'Luôn có ý thức về tính tổ chức, kỷ luật , thực hiện linh hoạt biểu đồ xe chạy được phân caoong để tiết kiệm chi phí; thực hiện đúng hành trình, lịc trình khi có khách di xe, đón trả khách ở những nơi thuận tiện cho hành khách đi xe',NULL,NULL,347,1),(763,'Luôn có ý thức về tính tổ chức, kỷ luật, thực hiện nghiêm biểu đồ xe chạy được phân công; thực hiện đúng hành trình, lịch trình, đón trả khách đúng nơi quy định; giúp đỡ khách hàng khi đi xe, đặc biệt là những người khuyết tật, người gia, trẻ em và phụ nữ có thai, có con nhỏ',NULL,1,347,0),(764,'Là người điều khiển xe cơ giới',NULL,1,348,0),(765,'Là người điều khiển xe có súc vật kéo',NULL,NULL,348,1),(766,'Là người điều khiển xe thô sơ',NULL,0,348,0),(767,'Đi ở bất cứ làn nào nhưng phải bấm đèn cảnh báo nguy hiểm để báo hiệu cho các phương tiện khác',NULL,NULL,349,1),(768,'Đi ở làn đường phải trong cùng',NULL,1,349,0),(769,'Đi ở làn phái bên trái',NULL,NULL,349,0),(770,'Đi ở làn giữa',NULL,NULL,349,0),(771,'Vận chuyển động vật hoang dã nhưng thực hiện đủ các quy định có liên quan',NULL,NULL,350,1),(772,'Vận chuyển hàng nguy hiểm nhưng có giấy phép',NULL,NULL,350,0),(773,'Vận chuyển hàng cấm lưu thông; vận chuyển trái phép hàng nguy hiểm, động vật hoang dã',NULL,1,350,0),(774,'Từ chối vận chuyển trước khi phương tiện rời bến, rời vị trí đón trả khách theo hợp đồng vận chuyển những người đã có vé hoặc người trong danh sách hợp đồng có hành vi gây rối trật tự công cộng, gây cản trở công việc kinh doanh vận tải, ảnh hưởng đến sức khỏe, tài sản của người khác, gian lận vé hoặc hành khách đang bị dịch bệnh nguy hiểm',NULL,1,351,1),(775,'Tự ý thay đổi vị trí đón, trả khách theo hợp đồng vận chuyển hoặc đón thêm người ngoài danh sách khách đã đăng ký',NULL,NULL,351,0),(776,'Cả ý 1 và ý 2',NULL,NULL,351,0),(777,'Dải phân cách gồm giá long môn và biển báo hiệu đường bộ',NULL,NULL,352,0),(778,'Dải phân cách gồm tường chống ồn, hộ lan cứng và hộ lan mềm',NULL,1,352,1),(779,'Dải phân cách gồm loại cố định và loại di động',NULL,0,352,0),(780,'Đón, trả khách đúng nơi quy định, không chở hành khác trên mui, trong khoang hành lý hoặc để hành khách đu bám bên ngoài xe',NULL,0,353,1),(781,'Không chở hàng nguy hiểm, hành có mùi hôi thối hoặc dodogj vật, hàng hóa khách có ảnh hưởng đến sức khẻo của hành khách',NULL,0,353,0),(782,'Chở hành khách trên mui; để hàng hóa tỏng khoang chở khách, chở quá số người theo quy định',NULL,0,353,0),(783,'Cả ý 1 và ý 2',NULL,1,353,0),(784,'Vận chuyển hàng cấm lưu thông; vận chuyển trái phép hàng nguy hiểm, động vật hoang dã',NULL,1,354,1),(785,'Vận chuyển hàng nguy hiểm nhưng có giấy phép',NULL,0,354,0),(786,'Vận chuyển động vật hoang dã nhưng thực hiện đủ các quy định có liên quan',NULL,0,354,0),(787,'Đường không ưu tiên',NULL,0,355,1),(788,'Đường tỉnh lộ',NULL,0,355,0),(789,'Đường ưu tiên',NULL,1,355,0),(790,'Đường quốc lộ',NULL,0,355,0),(791,'Được mang theo hành lý, hàng hóa mà pháp luật cấm lư thông khi đã trả cước, phí vận tải',NULL,0,356,0),(792,'Mua vé và trả cước, phí vận tải hành lý mang theo quá mức quy định; có mặt tại nơi xuất phát đúng theo thời gian đã thỏa thuận; chấp hành quy định về vận chuyển; thực hiện đúng hướng dẫn của lái xe, nhân viên phục vụ trên xe về các quy định đảm bảo trật tự, an toàn giao thông',NULL,1,356,1),(793,'Cả ý 1 và ý 2',NULL,0,356,0),(794,'Bị nghiêm cấm',NULL,1,357,1),(795,'Không bị nghiêm cấm khi rất vội',NULL,0,357,0),(796,'Không bị nghiêm cấm',NULL,0,357,0),(797,'Không bị nghiêm cấm khi khẩn cẩn',NULL,0,357,0),(798,'Giảm giá để thu hút khách hàng',NULL,0,358,0),(799,'Đe dọa, xúc phạm, tranh giành, lôi kéo khách; bắt ép hành khách sử dụng dịch vụ ngoài ý muốn; xuống khách nhằm trốn tránh phát hiện xe chở quá số người quy định',NULL,1,358,1),(800,'Cạnh tranh nhua nhằm tăng lợi nhuận',NULL,0,358,0),(801,'Là khoảng trống có kích thước giới hạn về chiều cao, chiều rộng của đường, cầu, bến phà, hầm đường bộ để các xe kể cả hàng hóa xếp trên xe đi qua được an toàn',NULL,1,359,1),(802,'Là khoảng trống có kích thước giới hạn về chiều cao của đường, cầu, bến phà, hầm trên đường bộ để các xe được đi qua an toàn',NULL,0,359,0),(803,'Là khoảng trống có kích thước giới hạn về chiều rộng của đường, cầu, bến phà, hầm trên đường bộ để các xe kể cả hàng hóa xếp trên xe được đi qua an toàn',NULL,0,359,0),(804,'Đón trả khách tại vị trí do khách hàng yêu cầu',NULL,0,360,0),(805,'Đóng cửa lên xuống của xe trước vá trong khi xe chạy',NULL,0,360,0),(806,'Cả ý 1 và ý 2',NULL,1,360,0),(807,'Kiểm tra các điều kiện bảo đảm an toàn của xe trước khi khởi hành; kiểm tra việc sắp xếp, chằng buộc hành lý, hàng hóa bảo đảm an toàn',NULL,0,360,1),(808,'Không vượ quá tốc độ cho phép',NULL,1,361,1),(809,'Chỉ lớn hơn tốc độ tối đa cho phép khi đường vắng',NULL,0,361,0),(810,'Chỉ lớn hơn tốc độ tối đa cho phép vào ban đâm',NULL,0,361,0),(811,'Người ngồi phía sau người điều khiển xe cơ giới',NULL,0,362,0),(812,'Cả ý 1 và ý 2',NULL,0,362,1),(813,'Người đi bộ',NULL,0,362,0),(814,'Người điều khiển: Xe ô tô, Xe mô tô, xe đạp, xe gắn máy',NULL,1,362,0),(815,'Không quá 8 giờ',NULL,0,363,0),(816,'Không quá 12 giờ',NULL,0,363,0),(817,'Không quá 10 giờ',NULL,1,363,0),(818,'Không hạn chế tùy thuộc vào sức khỏe và khả năng của người lái xe',NULL,0,363,0),(819,'Người ngồi phía sau người điều khiển xe cơ giới',NULL,0,364,0),(820,'Người đi bộ',NULL,0,364,0),(821,'Cả ý 1 và ý 2',NULL,0,364,0),(822,'Người điều khiển: Xe ô tô, Xe mô tô, xe đạp, xe gắn máy',NULL,1,364,0),(823,'Đi ở làn giữa',NULL,0,365,0),(824,'Đi ở bất cứ làn nào nhưng phải bấm đèn cảnh báo nguy hiểm để báo hiệu cho các phương tiện khác',NULL,0,365,0),(825,'Đi ở làn đường phải trong cùng',NULL,1,365,0),(826,'Đi ở làn phái bên trái',NULL,0,365,0),(827,'Được mang theo hành lý, hàng hóa mà pháp luật cấm lư thông khi đã trả cước, phí vận tải',NULL,0,366,0),(828,'Cả ý 1 và ý 2',NULL,0,366,0),(829,'Mua vé và trả cước, phí vận tải hành lý mang theo quá mức quy định; có mặt tại nơi xuất phát đúng theo thời gian đã thỏa thuận; chấp hành quy định về vận chuyển; thực hiện đúng hướng dẫn của lái xe, nhân viên phục vụ trên xe về các quy định đảm bảo trật tự, an toàn giao thông',NULL,1,366,0),(830,'Giảm giá để thu hút khách hàng',NULL,0,367,0),(831,'Cạnh tranh nhua nhằm tăng lợi nhuận',NULL,0,367,0),(832,'Đe dọa, xúc phạm, tranh giành, lôi kéo khách; bắt ép hành khách sử dụng dịch vụ ngoài ý muốn; xuống khách nhằm trốn tránh phát hiện xe chở quá số người quy định',NULL,1,367,0),(833,'Tất cả các ý trên',NULL,1,368,0),(834,'Đường dành riêng cho xe ô tô và một số loại xe chuyên dùng được phép đi vào theo quy đinh của luật giao thông đường bộ',NULL,0,368,0),(835,'Có dải phân cách phân chia đường cho xe chạy hai chiều riêng biệt mà dải phân cách này xe không được đi lên trên; không giao nhau cùng mức với một hoặc một số đường khác',NULL,0,368,0),(836,'Đường bố trí đầy đủ trang thiết bị phục vụ, bảo đảo giao thông liên tục, an toàn, rút ngắn thời gian hành trình và chỉ cho xe ra, vào ở những điểm nhất định',NULL,0,368,0),(837,'Luôn có ý thức về tính tổ chức, kỷ luật , thực hiện linh hoạt biểu đồ xe chạy được phân caoong để tiết kiệm chi phí; thực hiện đúng hành trình, lịc trình khi có khách di xe, đón trả khách ở những nơi thuận tiện cho hành khách đi xe',NULL,0,369,0),(838,'Luôn có ý thức về tính tổ chức, kỷ luật, thực hiện nghiêm biểu đồ xe chạy được phân công; thực hiện đúng hành trình, lịch trình, đón trả khách đúng nơi quy định; giúp đỡ khách hàng khi đi xe, đặc biệt là những người khuyết tật, người gia, trẻ em và phụ nữ có thai, có con nhỏ',NULL,1,369,0),(839,'Đường không ưu tiên',NULL,0,370,0),(840,'Đường quốc lộ',NULL,0,370,0),(841,'Đường tỉnh lộ',NULL,0,370,0),(842,'Đường ưu tiên',NULL,1,370,0),(843,'Bị nghiêm cấm',NULL,1,371,0),(844,'Không bị nghiêm cấm',NULL,0,371,0),(845,'Không bị nghiêm cấm, nếu có chất ma túy ở mức nhẹ, có thể điều khiển phương tiện tham gia giao thông',NULL,0,371,0),(846,'Liên tục tùy thuộc vào khả năng và sức khỏe của người lái xe',NULL,0,372,0),(847,'Không quá 6 giờ',NULL,0,372,0),(848,'Không quá 8 giờ',NULL,0,372,0),(849,'Không quá 4 giờ',NULL,1,372,0),(850,'Không quá 8 giờ',NULL,0,373,0),(851,'Không quá 10 giờ',NULL,1,373,0),(852,'Không hạn chế tùy thuộc vào sức khỏe và khả năng của người lái xe',NULL,0,373,0),(853,'Không quá 12 giờ',NULL,0,373,0),(854,'Là bộ phận của đường để ngăn cách không cho các loại xe vào những nơi không được phép',NULL,0,374,0),(855,'Là bộ phận của đường để phân chia mặt đường thành hai chiều xe chạy riêng biệt hoặc để phân chia phần đường của xe cơ giới và xe thô sơ',NULL,1,374,0),(856,'Là bộ phận đươcng để phân tách phần đường xe chạy và hành lang an toàn giao thông',NULL,0,374,0),(857,'Cả ý 1 và ý 2',NULL,0,375,0),(858,'Được mang theo hành lý, hàng hóa mà pháp luật cấm lư thông khi đã trả cước, phí vận tải',NULL,0,375,0),(859,'Mua vé và trả cước, phí vận tải hành lý mang theo quá mức quy định; có mặt tại nơi xuất phát đúng theo thời gian đã thỏa thuận; chấp hành quy định về vận chuyển; thực hiện đúng hướng dẫn của lái xe, nhân viên phục vụ trên xe về các quy định đảm bảo trật tự, an toàn giao thông',NULL,1,375,0),(860,'Không chở hàng nguy hiểm, hành có mùi hôi thối hoặc dodogj vật, hàng hóa khách có ảnh hưởng đến sức khẻo của hành khách',NULL,0,376,0),(861,'Chở hành khách trên mui; để hàng hóa tỏng khoang chở khách, chở quá số người theo quy định',NULL,0,376,0),(862,'Cả ý 1 và ý 2',NULL,1,376,0),(863,'Đón, trả khách đúng nơi quy định, không chở hành khác trên mui, trong khoang hành lý hoặc để hành khách đu bám bên ngoài xe',NULL,0,376,0),(864,'Vận chuyển hàng nguy hiểm nhưng có giấy phép',NULL,0,377,0),(865,'Vận chuyển động vật hoang dã nhưng thực hiện đủ các quy định có liên quan',NULL,0,377,0),(866,'Vận chuyển hàng cấm lưu thông; vận chuyển trái phép hàng nguy hiểm, động vật hoang dã',NULL,1,377,0),(867,'Bị nghiêm cấm',NULL,1,378,0),(868,'Không bị nghiêm cấm',NULL,0,378,0),(869,'Bị nghiêm cấm tùy theo loại xe',NULL,0,378,0),(870,'Bị nghiêm cấm tùy theo các tuyến đường',NULL,0,378,0),(871,'Gồm ô tô, máy kéo, xe mô tô hai bánh, xe mô to ba bánh, xe gắn máy, xe cơ giới dùng cho người khuyết tật và xe máy chuyên dùng',NULL,0,379,0),(872,'Gồm xe ô tô; máy kéo; rơ moóc hoặc sơ mi rơ moóc được kéo bởi xe ô tô, máy kéo; xe mô tô hai bánh; xe mô tô ba bánh, xe gắn máy(kể cả xe máy điện) và các loại xe tương tự',NULL,1,379,0),(873,'Sử dụng còi và quay đầu xe trong khu dân cư',NULL,0,380,0),(874,'Đỗ xe trên đường phố',NULL,0,380,0),(875,'Sử dụng xe đạp đi trên các tuyến quốc lộ có tốc độ cao',NULL,0,380,0),(876,'Làm hỏng (cố ý) cọc tiêu, giương cầu, dải phân cách',NULL,1,380,0),(877,'Diễn ra trên đường phố không có người qua lại',NULL,0,381,0),(878,'Được cơ quan có thẩm quyền cấp phép',NULL,1,381,0),(879,'Được người dân ủng hộ',NULL,0,381,0),(880,'Được vận chuyển theo hợp đồng vận tải, cam kết của người kinh doanh vận tải; ddowcj miễn cước hành lý với trọng lượng không quá 50 kg và ới kích thước không quá cồng kềnh; đươc từ chối chuyến đi trước khi phương tiện khởi hành và được trả lại tiền vé',NULL,0,382,0),(881,'Được vận chuyển theo đúng hợp đồng vận tải, cam kết của người kinh doanh về chất lượng vận tải; được miễn cước hành lý với trọng lượng không quá 20 kg với kích thước phù hợp của xe; được từ chối chuyến đi trước khi phương tiện khởi hành và được trả lại tiền vé theo quy định của bộ giao thông vận tải',NULL,1,382,0),(882,'Đóng cửa lên xuống của xe trước vá trong khi xe chạy',NULL,0,383,0),(883,'Kiểm tra các điều kiện bảo đảm an toàn của xe trước khi khởi hành; kiểm tra việc sắp xếp, chằng buộc hành lý, hàng hóa bảo đảm an toàn',NULL,0,383,1),(884,'Đón trả khách tại vị trí do khách hàng yêu cầu',NULL,0,383,0),(885,'Cả ý 1 và ý 2',NULL,1,383,0),(886,'Cả ý 1 và ý 2',NULL,1,384,0),(887,'Đón, trả khách đúng nơi quy định, không chở hành khác trên mui, trong khoang hành lý hoặc để hành khách đu bám bên ngoài xe',NULL,0,384,0),(888,'Chở hành khách trên mui; để hàng hóa tỏng khoang chở khách, chở quá số người theo quy định',NULL,0,384,1),(889,'Không chở hàng nguy hiểm, hành có mùi hôi thối hoặc dodogj vật, hàng hóa khách có ảnh hưởng đến sức khẻo của hành khách',NULL,0,384,0),(890,'Không bị nghiêm cấm',NULL,0,385,1),(891,'Bị nghiêm cấm',NULL,1,385,0),(892,'Không bị nghiêm cấm, nếu có chất ma túy ở mức nhẹ, có thể điều khiển phương tiện tham gia giao thông',NULL,0,385,1),(893,'Đe dọa, xúc phạm, tranh giành, lôi kéo khách; bắt ép hành khách sử dụng dịch vụ ngoài ý muốn; xuống khách nhằm trốn tránh phát hiện xe chở quá số người quy định',NULL,1,386,1),(894,'Cạnh tranh nhua nhằm tăng lợi nhuận',NULL,0,386,0),(895,'Giảm giá để thu hút khách hàng',NULL,0,386,0),(896,'Có dải phân cách phân chia đường cho xe chạy hai chiều riêng biệt mà dải phân cách này xe không được đi lên trên; không giao nhau cùng mức với một hoặc một số đường khác',NULL,0,387,0),(897,'Tất cả các ý trên',NULL,1,387,1),(898,'Đường bố trí đầy đủ trang thiết bị phục vụ, bảo đảo giao thông liên tục, an toàn, rút ngắn thời gian hành trình và chỉ cho xe ra, vào ở những điểm nhất định',NULL,0,387,1),(899,'Đường dành riêng cho xe ô tô và một số loại xe chuyên dùng được phép đi vào theo quy đinh của luật giao thông đường bộ',NULL,0,387,0),(900,'Không vượ quá tốc độ cho phép',NULL,1,388,0),(901,'Chỉ lớn hơn tốc độ tối đa cho phép vào ban đâm',NULL,0,388,1),(902,'Chỉ lớn hơn tốc độ tối đa cho phép khi đường vắng',NULL,0,388,0),(903,'Không bị nghiêm cấm khi khẩn cẩn',NULL,0,389,0),(904,'Không bị nghiêm cấm',NULL,0,389,1),(905,'Bị nghiêm cấm',NULL,1,389,0),(906,'Không bị nghiêm cấm khi rất vội',NULL,0,389,0),(907,'Là người điều khiển xe cơ giới',NULL,1,390,0),(908,'Là người điều khiển xe thô sơ',NULL,0,390,1),(909,'Là người điều khiển xe có súc vật kéo',NULL,0,390,1),(910,'Luôn có ý thức về tính tổ chức, kỷ luật , thực hiện linh hoạt biểu đồ xe chạy được phân caoong để tiết kiệm chi phí; thực hiện đúng hành trình, lịc trình khi có khách di xe, đón trả khách ở những nơi thuận tiện cho hành khách đi xe',NULL,0,391,1),(911,'Luôn có ý thức về tính tổ chức, kỷ luật, thực hiện nghiêm biểu đồ xe chạy được phân công; thực hiện đúng hành trình, lịch trình, đón trả khách đúng nơi quy định; giúp đỡ khách hàng khi đi xe, đặc biệt là những người khuyết tật, người gia, trẻ em và phụ nữ có thai, có con nhỏ',NULL,1,391,0),(912,'Cả ý 1 và ý 2',NULL,0,392,0),(913,'Từ chối vận chuyển trước khi phương tiện rời bến, rời vị trí đón trả khách theo hợp đồng vận chuyển những người đã có vé hoặc người trong danh sách hợp đồng có hành vi gây rối trật tự công cộng, gây cản trở công việc kinh doanh vận tải, ảnh hưởng đến sức khỏe, tài sản của người khác, gian lận vé hoặc hành khách đang bị dịch bệnh nguy hiểm',NULL,1,392,1),(914,'Tự ý thay đổi vị trí đón, trả khách theo hợp đồng vận chuyển hoặc đón thêm người ngoài danh sách khách đã đăng ký',NULL,0,392,0),(915,'Bị nghiêm cấm tùy theo các tuyến đường',NULL,0,393,1),(916,'Bị nghiêm cấm',NULL,1,393,1),(917,'Bị nghiêm cấm tùy theo loại xe',NULL,0,393,0),(918,'Không bị nghiêm cấm',NULL,0,393,0),(919,'Là trạng thái đứng yên của phương tiện giao thông không giới hạn thời gian giữa 02 lần vận chuyển hàng hóa hoặc hành khách',NULL,0,394,0),(920,'Là trạng thái đừng yên của phương tiện giao thông không giới hạn thời gian để cho người lên xuống phương tiện, xếp dỡ hàng hóa hoặc thực hiện công việc khác',NULL,0,394,1),(921,'Là trạng thai đứng yên tạm thời của phương tiện giao thông trong một khoảng thời gian cần đủ để cho người lên, xuống phương tiện, xếp dỡ hàng hóa hoặc thực hiện công việc',NULL,0,394,0),(922,'Vận chuyển hàng cấm lưu thông; vận chuyển trái phép hàng nguy hiểm, động vật hoang dã',NULL,1,395,0),(923,'Vận chuyển hàng nguy hiểm nhưng có giấy phép',NULL,0,395,1),(924,'Vận chuyển động vật hoang dã nhưng thực hiện đủ các quy định có liên quan',NULL,0,395,0),(925,'Đóng cửa lên xuống của xe trước vá trong khi xe chạy',NULL,0,396,0),(926,'Kiểm tra các điều kiện bảo đảm an toàn của xe trước khi khởi hành; kiểm tra việc sắp xếp, chằng buộc hành lý, hàng hóa bảo đảm an toàn',NULL,0,396,1),(927,'Cả ý 1 và ý 2',NULL,1,396,0),(928,'Đón trả khách tại vị trí do khách hàng yêu cầu',NULL,0,396,0),(929,'Không quá 10 giờ',NULL,1,397,0),(930,'Không hạn chế tùy thuộc vào sức khỏe và khả năng của người lái xe',NULL,0,397,1),(931,'Không quá 12 giờ',NULL,0,397,0),(932,'Không quá 8 giờ',NULL,0,397,0),(933,'Được người dân ủng hộ',NULL,0,398,0),(934,'Diễn ra trên đường phố không có người qua lại',NULL,0,398,0),(935,'Được cơ quan có thẩm quyền cấp phép',NULL,1,398,1),(936,'Chỉ được thực hiện nếu đã hướng dẫn đầy đủ',NULL,0,399,1),(937,'Không được phép',NULL,1,399,0),(938,'Được phép tùy từng trường hợp',NULL,0,399,0),(939,'Chỉ được phép thực hiện với thành viên trong gia đình',NULL,0,399,0),(940,'Dải phân cách gồm giá long môn và biển báo hiệu đường bộ',NULL,0,400,0),(941,'Dải phân cách gồm tường chống ồn, hộ lan cứng và hộ lan mềm',NULL,1,400,1),(942,'Dải phân cách gồm loại cố định và loại di động',NULL,0,400,0),(943,'Không quá 8 giờ',NULL,0,401,0),(944,'Không quá 4 giờ',NULL,1,401,1),(945,'Liên tục tùy thuộc vào khả năng và sức khỏe của người lái xe',NULL,0,401,0),(946,'Không quá 6 giờ',NULL,0,401,0),(947,'Giảm giá để thu hút khách hàng',NULL,0,402,0),(948,'Đe dọa, xúc phạm, tranh giành, lôi kéo khách; bắt ép hành khách sử dụng dịch vụ ngoài ý muốn; xuống khách nhằm trốn tránh phát hiện xe chở quá số người quy định',NULL,1,402,1),(949,'Cạnh tranh nhua nhằm tăng lợi nhuận',NULL,0,402,0),(950,'Được vận chuyển theo hợp đồng vận tải, cam kết của người kinh doanh vận tải; ddowcj miễn cước hành lý với trọng lượng không quá 50 kg và ới kích thước không quá cồng kềnh; đươc từ chối chuyến đi trước khi phương tiện khởi hành và được trả lại tiền vé',NULL,0,403,1),(951,'Được vận chuyển theo đúng hợp đồng vận tải, cam kết của người kinh doanh về chất lượng vận tải; được miễn cước hành lý với trọng lượng không quá 20 kg với kích thước phù hợp của xe; được từ chối chuyến đi trước khi phương tiện khởi hành và được trả lại tiền vé theo quy định của bộ giao thông vận tải',NULL,1,403,0),(952,'Là cảnh sát giao thông, người được giao nhiệm vụ hướng dẫn giao thông tại nơi thi công, nơi ùn tắc giao thông, ở bến phà, tại cầu đường bộ đi chung với đường sắt',NULL,1,404,0),(953,'Là người điều khiển phương tiện tham gia giao thông tại nơi thi công, nơi ùn tắc giao thông, ở bến phà, tại cầu đường bộ đi chung với đường sắt',NULL,0,404,1),(954,'Là người tham gia giao thông tại nơi thi công, nơi ùn tắt giao thông, ở bến phà, tại cầu đường bộ đi chung với đường sắt',NULL,0,404,0),(955,'Được cơ quan có thẩm quyền cấp phép',NULL,1,405,0),(956,'Được người dân ủng hộ',NULL,0,405,1),(957,'Diễn ra trên đường phố không có người qua lại',NULL,0,405,0),(958,'Không quá 6 giờ',NULL,0,406,0),(959,'Không quá 4 giờ',NULL,1,406,0),(960,'Liên tục tùy thuộc vào khả năng và sức khỏe của người lái xe',NULL,0,406,1),(961,'Không quá 8 giờ',NULL,0,406,0),(962,'Không hạn chế tùy thuộc vào sức khỏe và khả năng của người lái xe',NULL,0,407,0),(963,'Không quá 10 giờ',NULL,1,407,1),(964,'Không quá 8 giờ',NULL,0,407,0),(965,'Không quá 12 giờ',NULL,0,407,0),(966,'Gồm xe đạp(kể cả xe đạp máy, xe đạp điện), xe gắn máy, xe cơ giới dùng cho người khuyết tật và xe máy chuyên dùng',NULL,0,408,1),(967,'Gồm xe đạp (kể cả xe đạp máy, xe đạp điện), xe xích lô, xe lăn dùng cho người khuyết tật, xe súc vật kéo và các loại xe tương tự',NULL,1,408,1),(968,'Gồm xe ô tô, máy kéo, rơ moóc hoặc sơ mi rơ mo óc được kéo bơi xe ô tô, máy kéo',NULL,0,408,0),(969,'Chở hành khách trên mui; để hàng hóa tỏng khoang chở khách, chở quá số người theo quy định',NULL,0,409,0),(970,'Đón, trả khách đúng nơi quy định, không chở hành khác trên mui, trong khoang hành lý hoặc để hành khách đu bám bên ngoài xe',NULL,0,409,1),(971,'Không chở hàng nguy hiểm, hành có mùi hôi thối hoặc dodogj vật, hàng hóa khách có ảnh hưởng đến sức khẻo của hành khách',NULL,0,409,0),(972,'Cả ý 1 và ý 2',NULL,1,409,0),(973,'Vận chuyển hàng cấm lưu thông; vận chuyển trái phép hàng nguy hiểm, động vật hoang dã',NULL,1,410,0),(974,'Vận chuyển động vật hoang dã nhưng thực hiện đủ các quy định có liên quan',NULL,0,410,1),(975,'Vận chuyển hàng nguy hiểm nhưng có giấy phép',NULL,0,410,0),(976,'Chỉ được lái ở tốc độ chậm và quãng đường ngắn',NULL,0,411,0),(977,'Chỉ được lái nếu trong cơ thể có nồng độ cồn thấp',NULL,0,411,1),(978,'Không được phép',NULL,1,411,0),(979,'Đỗ xe trên đường phố',NULL,0,412,0),(980,'Sử dụng còi và quay đầu xe trong khu dân cư',NULL,0,412,0),(981,'Làm hỏng (cố ý) cọc tiêu, giương cầu, dải phân cách',NULL,1,412,0),(982,'Sử dụng xe đạp đi trên các tuyến quốc lộ có tốc độ cao',NULL,0,412,0),(983,'Có dải phân cách phân chia đường cho xe chạy hai chiều riêng biệt mà dải phân cách này xe không được đi lên trên; không giao nhau cùng mức với một hoặc một số đường khác',NULL,0,413,1),(984,'Tất cả các ý trên',NULL,1,413,0),(985,'Đường bố trí đầy đủ trang thiết bị phục vụ, bảo đảo giao thông liên tục, an toàn, rút ngắn thời gian hành trình và chỉ cho xe ra, vào ở những điểm nhất định',NULL,0,413,0),(986,'Đường dành riêng cho xe ô tô và một số loại xe chuyên dùng được phép đi vào theo quy đinh của luật giao thông đường bộ',NULL,0,413,0),(987,'Vận chuyển hàng nguy hiểm nhưng có giấy phép',NULL,0,414,1),(988,'Vận chuyển động vật hoang dã nhưng thực hiện đủ các quy định có liên quan',NULL,0,414,1),(989,'Vận chuyển hàng cấm lưu thông; vận chuyển trái phép hàng nguy hiểm, động vật hoang dã',NULL,1,414,1),(990,'Chỉ được lái ở tốc độ chậm và quãng đường ngắn',NULL,0,415,0),(991,'Chỉ được lái nếu trong cơ thể có nồng độ cồn thấp',NULL,0,415,1),(992,'Không được phép',NULL,1,415,0),(993,'Đi ở giữa',NULL,0,416,0),(994,'Đi về phía bên phải',NULL,1,416,1),(995,'Đi về phía bên trái',NULL,0,416,0),(996,'Cả ý 1 và ý 2',NULL,1,417,0),(997,'Xuất trình giấy vận chuyển và giấy tờ tùy thân cho người kinh doanh vận tải trước khi nhận hàng hóa; thanh toán chi phí phát sinh do nhận hàng chậm',NULL,0,417,1),(998,'Nhận hàng háo đúng thời gian, đại điểm đã thảo thuận',NULL,0,417,0),(999,'Dải phân cách gồm tường chống ồn, hộ lan cứng và hộ lan mềm',NULL,1,418,0),(1000,'Dải phân cách gồm giá long môn và biển báo hiệu đường bộ',NULL,0,418,0),(1001,'Dải phân cách gồm loại cố định và loại di động',NULL,0,418,0),(1002,NULL,NULL,NULL,419,0),(1003,'Là bộ phận của đường để phân chia mặt đường thành hai chiều xe chạy riêng biệt hoặc để phân chia phần đường của xe cơ giới và xe thô sơ',NULL,1,420,0),(1004,'Là bộ phận của đường để ngăn cách không cho các loại xe vào những nơi không được phép',NULL,0,420,0),(1005,'Là bộ phận đươcng để phân tách phần đường xe chạy và hành lang an toàn giao thông',NULL,0,420,0),(1006,NULL,NULL,NULL,421,0),(1007,'Tự ý thay đổi vị trí đón, trả khách theo hợp đồng vận chuyển hoặc đón thêm người ngoài danh sách khách đã đăng ký',NULL,0,422,0),(1008,'Từ chối vận chuyển trước khi phương tiện rời bến, rời vị trí đón trả khách theo hợp đồng vận chuyển những người đã có vé hoặc người trong danh sách hợp đồng có hành vi gây rối trật tự công cộng, gây cản trở công việc kinh doanh vận tải, ảnh hưởng đến sức khỏe, tài sản của người khác, gian lận vé hoặc hành khách đang bị dịch bệnh nguy hiểm',NULL,1,422,0),(1009,'Cả ý 1 và ý 2',NULL,0,422,0);
/*!40000 ALTER TABLE `historyanswer` ENABLE KEYS */;
UNLOCK TABLES;

--
-- Table structure for table `historyquestion`
--

DROP TABLE IF EXISTS `historyquestion`;
/*!40101 SET @saved_cs_client     = @@character_set_client */;
/*!50503 SET character_set_client = utf8mb4 */;
CREATE TABLE `historyquestion` (
  `id` int NOT NULL AUTO_INCREMENT,
  `text` longtext,
  `img` varchar(225) DEFAULT NULL,
  `dead_point` tinyint DEFAULT NULL,
  `history_test_id` int DEFAULT NULL,
  `is_correct` bit(1) DEFAULT NULL,
  `pick_one` tinyint DEFAULT '0',
  PRIMARY KEY (`id`),
  KEY `FKl12atgt9lmqxrkc9qh162fqpb` (`history_test_id`),
  CONSTRAINT `fk_historyquestion_historytest` FOREIGN KEY (`history_test_id`) REFERENCES `historytest` (`id`),
  CONSTRAINT `FKl12atgt9lmqxrkc9qh162fqpb` FOREIGN KEY (`history_test_id`) REFERENCES `historytest` (`id`),
  CONSTRAINT `FKrgvy74jl2mjugn4ko2txpanap` FOREIGN KEY (`history_test_id`) REFERENCES `historytest` (`id`)
) ENGINE=InnoDB AUTO_INCREMENT=423 DEFAULT CHARSET=utf8mb4 COLLATE=utf8mb4_0900_ai_ci;
/*!40101 SET character_set_client = @saved_cs_client */;

--
-- Dumping data for table `historyquestion`
--

LOCK TABLES `historyquestion` WRITE;
/*!40000 ALTER TABLE `historyquestion` DISABLE KEYS */;
INSERT INTO `historyquestion` VALUES (1,NULL,'firstQ',NULL,1,NULL,0),(2,NULL,'secondQ',NULL,1,NULL,0),(3,'iron',NULL,1,15,NULL,0),(4,'sliver',NULL,0,15,NULL,0),(5,'bird',NULL,0,15,NULL,0),(6,'iron',NULL,1,16,NULL,1),(7,'sliver',NULL,0,16,NULL,0),(8,'fire',NULL,0,16,NULL,1),(9,'water',NULL,1,16,NULL,0),(10,'bird',NULL,0,17,NULL,0),(11,'iron',NULL,1,17,NULL,0),(12,'sliver',NULL,0,17,NULL,0),(13,'water',NULL,1,18,_binary '\0',0),(14,'iron',NULL,1,18,_binary '\0',1),(15,'sliver',NULL,0,18,_binary '',0),(16,'fire',NULL,0,18,_binary '\0',1),(17,'iron',NULL,1,19,_binary '\0',1),(18,'fire',NULL,0,19,_binary '\0',1),(19,'sliver',NULL,0,19,_binary '\0',0),(20,'water',NULL,1,19,_binary '\0',0),(21,'sliver',NULL,0,20,_binary '',0),(22,'iron',NULL,1,20,_binary '',1),(23,'water',NULL,1,20,_binary '\0',0),(24,'fire',NULL,0,20,_binary '\0',1),(25,'fire',NULL,0,21,_binary '\0',1),(26,'sliver',NULL,0,21,_binary '',0),(27,'water',NULL,1,21,_binary '\0',0),(28,'iron',NULL,1,21,_binary '\0',1),(29,'sliver',NULL,0,22,_binary '\0',0),(30,'iron',NULL,1,22,_binary '',1),(31,'fire',NULL,0,22,_binary '\0',1),(32,'water',NULL,1,22,_binary '\0',0),(33,'water',NULL,1,23,_binary '\0',0),(34,'iron',NULL,1,23,_binary '\0',1),(35,'fire',NULL,0,23,_binary '\0',1),(36,'sliver',NULL,0,23,_binary '',0),(37,'bird',NULL,0,24,_binary '\0',0),(38,'iron',NULL,1,24,_binary '\0',1),(39,'sliver',NULL,0,24,_binary '',0),(40,'water',NULL,1,25,_binary '\0',0),(41,'sliver',NULL,0,25,_binary '\0',0),(42,'iron',NULL,1,25,_binary '\0',1),(43,'fire',NULL,0,25,_binary '',1),(44,'iron',NULL,1,26,_binary '\0',1),(45,'fire',NULL,0,26,_binary '',1),(46,'water',NULL,1,26,_binary '\0',0),(47,'sliver',NULL,0,26,_binary '',0),(48,'sliver',NULL,0,27,_binary '',0),(49,'iron',NULL,1,27,_binary '\0',1),(50,'bird',NULL,0,27,_binary '\0',0),(51,'fire',NULL,0,28,_binary '\0',1),(52,'water',NULL,1,28,_binary '\0',0),(53,'sliver',NULL,0,28,_binary '',0),(54,'iron',NULL,1,28,_binary '\0',1),(55,'water',NULL,1,29,_binary '\0',0),(56,'iron',NULL,1,29,_binary '\0',1),(57,'fire',NULL,0,29,_binary '\0',1),(58,'sliver',NULL,0,29,_binary '',0),(59,'sliver',NULL,0,30,_binary '',0),(60,'bird',NULL,0,30,_binary '\0',0),(61,'iron',NULL,1,30,_binary '\0',1),(62,'iron',NULL,1,31,_binary '\0',1),(63,'bird',NULL,0,31,_binary '\0',0),(64,'sliver',NULL,0,31,_binary '',0),(65,'bird',NULL,0,32,_binary '\0',0),(66,'iron',NULL,1,32,_binary '',1),(67,'sliver',NULL,0,32,_binary '\0',0),(68,'sliver',NULL,0,33,_binary '\0',0),(69,'bird',NULL,0,33,_binary '\0',0),(70,'iron',NULL,1,33,_binary '',1),(71,'iron',NULL,1,34,_binary '',1),(72,'sliver',NULL,0,34,_binary '\0',0),(73,'bird',NULL,0,34,_binary '\0',0),(74,'iron',NULL,1,35,_binary '',1),(75,'sliver',NULL,0,35,_binary '\0',0),(76,'bird',NULL,0,35,_binary '\0',0),(77,'iron',NULL,1,36,_binary '',1),(78,'sliver',NULL,0,36,_binary '\0',0),(79,'bird',NULL,0,36,_binary '\0',0),(80,'iron',NULL,1,37,_binary '',1),(81,'sliver',NULL,0,37,_binary '\0',0),(82,'bird',NULL,0,37,_binary '\0',0),(83,'iron',NULL,1,38,_binary '',1),(84,'sliver',NULL,0,38,_binary '\0',0),(85,'bird',NULL,0,38,_binary '\0',0),(86,'iron',NULL,1,39,_binary '',1),(87,'sliver',NULL,0,39,_binary '\0',0),(88,'bird',NULL,0,39,_binary '\0',0),(89,'iron',NULL,1,40,_binary '',1),(90,'sliver',NULL,0,40,_binary '\0',0),(91,'bird',NULL,0,40,_binary '\0',0),(92,'iron',NULL,1,41,_binary '',1),(93,'sliver',NULL,0,41,_binary '\0',0),(94,'bird',NULL,0,41,_binary '\0',0),(95,'iron',NULL,1,42,_binary '',1),(96,'sliver',NULL,0,42,_binary '\0',0),(97,'bird',NULL,0,42,_binary '\0',0),(98,'iron',NULL,1,43,_binary '',1),(99,'sliver',NULL,0,43,_binary '\0',0),(100,'bird',NULL,0,43,_binary '\0',0),(101,'iron',NULL,1,44,_binary '',1),(102,'sliver',NULL,0,44,_binary '\0',0),(103,'bird',NULL,0,44,_binary '\0',0),(104,'iron',NULL,1,45,_binary '',1),(105,'sliver',NULL,0,45,_binary '\0',0),(106,'bird',NULL,0,45,_binary '\0',0),(107,'iron',NULL,1,46,_binary '',1),(108,'sliver',NULL,0,46,_binary '\0',0),(109,'bird',NULL,0,46,_binary '\0',0),(110,'iron',NULL,1,47,_binary '',1),(111,'sliver',NULL,0,47,_binary '\0',0),(112,'bird',NULL,0,47,_binary '\0',0),(113,'iron',NULL,1,48,_binary '',1),(114,'sliver',NULL,0,48,_binary '\0',0),(115,'bird',NULL,0,48,_binary '\0',0),(116,'iron',NULL,1,49,_binary '',1),(117,'sliver',NULL,0,49,_binary '\0',0),(118,'bird',NULL,0,49,_binary '\0',0),(119,'iron',NULL,1,50,_binary '',1),(120,'sliver',NULL,0,50,_binary '\0',0),(121,'bird',NULL,0,50,_binary '\0',0),(122,'iron',NULL,1,51,_binary '',1),(123,'sliver',NULL,0,51,_binary '\0',0),(124,'bird',NULL,0,51,_binary '\0',0),(125,'iron',NULL,1,52,_binary '',1),(126,'sliver',NULL,0,52,_binary '\0',0),(127,'bird',NULL,0,52,_binary '\0',0),(128,'iron',NULL,1,53,_binary '',1),(129,'sliver',NULL,0,53,_binary '\0',0),(130,'bird',NULL,0,53,_binary '\0',0),(131,'iron',NULL,1,54,_binary '',1),(132,'sliver',NULL,0,54,_binary '\0',0),(133,'bird',NULL,0,54,_binary '\0',0),(134,'iron',NULL,1,55,_binary '',1),(135,'sliver',NULL,0,55,_binary '\0',0),(136,'bird',NULL,0,55,_binary '\0',0),(137,'iron',NULL,1,56,_binary '',1),(138,'sliver',NULL,0,56,_binary '\0',0),(139,'bird',NULL,0,56,_binary '\0',0),(140,'iron',NULL,1,57,_binary '',1),(141,'sliver',NULL,0,57,_binary '\0',0),(142,'bird',NULL,0,57,_binary '\0',0),(143,'iron',NULL,1,58,_binary '',1),(144,'sliver',NULL,0,58,_binary '\0',0),(145,'bird',NULL,0,58,_binary '\0',0),(146,'iron',NULL,1,59,_binary '',1),(147,'sliver',NULL,0,59,_binary '\0',0),(148,'bird',NULL,0,59,_binary '\0',0),(149,'iron',NULL,1,60,_binary '',1),(150,'sliver',NULL,0,60,_binary '\0',0),(151,'bird',NULL,0,60,_binary '\0',0),(152,'iron',NULL,1,61,_binary '',1),(153,'sliver',NULL,0,61,_binary '\0',0),(154,'bird',NULL,0,61,_binary '\0',0),(155,'iron',NULL,1,62,_binary '',1),(156,'sliver',NULL,0,62,_binary '\0',0),(157,'bird',NULL,0,62,_binary '\0',0),(158,'iron',NULL,1,63,_binary '',1),(159,'sliver',NULL,0,63,_binary '\0',0),(160,'bird',NULL,0,63,_binary '\0',0),(161,'iron',NULL,1,64,_binary '',1),(162,'sliver',NULL,0,64,_binary '\0',0),(163,'bird',NULL,0,64,_binary '\0',0),(164,'iron',NULL,1,65,_binary '',1),(165,'sliver',NULL,0,65,_binary '\0',0),(166,'bird',NULL,0,65,_binary '\0',0),(167,'iron',NULL,1,66,_binary '',1),(168,'sliver',NULL,0,66,_binary '\0',0),(169,'bird',NULL,0,66,_binary '\0',0),(170,'iron',NULL,1,67,_binary '',1),(171,'sliver',NULL,0,67,_binary '\0',0),(172,'bird',NULL,0,67,_binary '\0',0),(173,'iron',NULL,1,68,_binary '',1),(174,'sliver',NULL,0,68,_binary '\0',0),(175,'bird',NULL,0,68,_binary '\0',0),(176,'iron',NULL,1,69,_binary '',1),(177,'sliver',NULL,0,69,_binary '\0',0),(178,'bird',NULL,0,69,_binary '\0',0),(179,'iron',NULL,1,70,_binary '',1),(180,'sliver',NULL,0,70,_binary '\0',0),(181,'bird',NULL,0,70,_binary '\0',0),(182,'iron',NULL,1,71,_binary '',1),(183,'sliver',NULL,0,71,_binary '\0',0),(184,'bird',NULL,0,71,_binary '\0',0),(185,'iron',NULL,1,72,_binary '',1),(186,'sliver',NULL,0,72,_binary '\0',0),(187,'bird',NULL,0,72,_binary '\0',0),(188,'iron',NULL,1,73,_binary '',1),(189,'sliver',NULL,0,73,_binary '\0',0),(190,'bird',NULL,0,73,_binary '\0',0),(191,'iron',NULL,1,74,_binary '',1),(192,'sliver',NULL,0,74,_binary '\0',0),(193,'bird',NULL,0,74,_binary '\0',0),(194,'iron',NULL,1,75,_binary '',1),(195,'sliver',NULL,0,75,_binary '\0',0),(196,'bird',NULL,0,75,_binary '\0',0),(197,'iron',NULL,1,76,_binary '',1),(198,'sliver',NULL,0,76,_binary '\0',0),(199,'bird',NULL,0,76,_binary '\0',0),(200,'iron',NULL,1,77,_binary '',1),(201,'sliver',NULL,0,77,_binary '\0',0),(202,'bird',NULL,0,77,_binary '\0',0),(203,'iron',NULL,1,78,_binary '',1),(204,'sliver',NULL,0,78,_binary '\0',0),(205,'bird',NULL,0,78,_binary '\0',0),(206,'iron',NULL,1,79,_binary '',1),(207,'sliver',NULL,0,79,_binary '\0',0),(208,'bird',NULL,0,79,_binary '\0',0),(209,'iron',NULL,1,80,_binary '',1),(210,'sliver',NULL,0,80,_binary '\0',0),(211,'bird',NULL,0,80,_binary '\0',0),(212,'iron',NULL,1,81,_binary '',1),(213,'sliver',NULL,0,81,_binary '\0',0),(214,'bird',NULL,0,81,_binary '\0',0),(215,'iron',NULL,1,82,_binary '',1),(216,'sliver',NULL,0,82,_binary '\0',0),(217,'bird',NULL,0,82,_binary '\0',0),(218,'fire',NULL,0,83,_binary '',1),(219,'water',NULL,1,83,_binary '\0',0),(220,'iron',NULL,1,83,_binary '\0',1),(221,'sliver',NULL,0,83,_binary '\0',0),(222,'fire',NULL,0,84,_binary '',1),(223,'water',NULL,1,84,_binary '\0',0),(224,'iron',NULL,1,84,_binary '\0',1),(225,'sliver',NULL,0,84,_binary '\0',0),(226,'fire',NULL,0,85,_binary '',1),(227,'water',NULL,1,85,_binary '\0',0),(228,'iron',NULL,1,85,_binary '\0',1),(229,'sliver',NULL,0,85,_binary '\0',0),(230,'fire',NULL,0,86,_binary '',1),(231,'water',NULL,1,86,_binary '\0',0),(232,'iron',NULL,1,86,_binary '\0',1),(233,'sliver',NULL,0,86,_binary '\0',0),(234,'fire',NULL,0,87,_binary '',1),(235,'water',NULL,1,87,_binary '\0',0),(236,'iron',NULL,1,87,_binary '\0',1),(237,'sliver',NULL,0,87,_binary '\0',0),(238,'fire',NULL,0,88,_binary '',1),(239,'water',NULL,1,88,_binary '\0',0),(240,'iron',NULL,1,88,_binary '\0',1),(241,'sliver',NULL,0,88,_binary '\0',0),(242,'fire',NULL,0,89,_binary '',1),(243,'water',NULL,1,89,_binary '\0',0),(244,'iron',NULL,1,89,_binary '\0',1),(245,'sliver',NULL,0,89,_binary '\0',0),(246,'fire',NULL,0,90,_binary '',1),(247,'water',NULL,1,90,_binary '\0',0),(248,'iron',NULL,1,90,_binary '\0',1),(249,'sliver',NULL,0,90,_binary '\0',0),(250,'fire',NULL,0,91,_binary '',1),(251,'water',NULL,1,91,_binary '\0',0),(252,'iron',NULL,1,91,_binary '\0',1),(253,'sliver',NULL,0,91,_binary '\0',0),(254,'fire',NULL,0,92,_binary '',1),(255,'water',NULL,1,92,_binary '\0',0),(256,'iron',NULL,1,92,_binary '\0',1),(257,'sliver',NULL,0,92,_binary '\0',0),(258,'fire',NULL,0,93,_binary '',1),(259,'water',NULL,1,93,_binary '\0',0),(260,'iron',NULL,1,93,_binary '\0',1),(261,'sliver',NULL,0,93,_binary '\0',0),(262,'fire',NULL,0,94,_binary '',1),(263,'water',NULL,1,94,_binary '\0',0),(264,'iron',NULL,1,94,_binary '\0',1),(265,'sliver',NULL,0,94,_binary '\0',0),(266,'fire',NULL,0,95,_binary '',1),(267,'water',NULL,1,95,_binary '\0',0),(268,'iron',NULL,1,95,_binary '\0',1),(269,'sliver',NULL,0,95,_binary '\0',0),(270,'fire',NULL,0,96,_binary '',1),(271,'water',NULL,1,96,_binary '\0',0),(272,'iron',NULL,1,96,_binary '\0',1),(273,'sliver',NULL,0,96,_binary '\0',0),(274,'fire',NULL,0,97,_binary '',1),(275,'water',NULL,1,97,_binary '\0',0),(276,'iron',NULL,1,97,_binary '\0',1),(277,'sliver',NULL,0,97,_binary '\0',0),(278,'iron',NULL,1,98,_binary '',1),(279,'water',NULL,1,98,_binary '\0',0),(280,'sliver',NULL,0,98,_binary '\0',0),(281,'fire',NULL,0,98,_binary '\0',1),(282,'iron',NULL,1,99,_binary '\0',1),(283,'bird',NULL,0,99,_binary '',0),(284,'sliver',NULL,0,99,_binary '\0',0),(285,'iron',NULL,1,100,_binary '\0',1),(286,'bird',NULL,0,100,_binary '',0),(287,'sliver',NULL,0,100,_binary '\0',0),(288,'sliver',NULL,0,101,_binary '',0),(289,'bird',NULL,0,101,_binary '\0',0),(290,'iron',NULL,1,101,_binary '',1),(291,'sliver',NULL,0,102,_binary '\0',0),(292,'bird',NULL,0,102,_binary '\0',0),(293,'iron',NULL,1,102,_binary '',1),(294,'iron',NULL,1,103,_binary '\0',1),(295,'bird',NULL,0,103,_binary '\0',0),(296,'sliver',NULL,0,103,_binary '\0',0),(297,'fire',NULL,0,104,_binary '\0',1),(298,'iron',NULL,1,104,_binary '',1),(299,'sliver',NULL,0,104,_binary '\0',0),(300,'water',NULL,1,104,_binary '\0',0),(301,'fire',NULL,0,105,_binary '\0',1),(302,'iron',NULL,1,105,_binary '',1),(303,'sliver',NULL,0,105,_binary '\0',0),(304,'water',NULL,1,105,_binary '\0',0),(305,'water',NULL,1,106,_binary '\0',0),(306,'fire',NULL,0,106,_binary '\0',1),(307,'iron',NULL,1,106,_binary '',1),(308,'sliver',NULL,0,106,_binary '\0',0),(309,'sliver',NULL,0,107,_binary '\0',0),(310,'bird',NULL,0,107,_binary '',0),(311,'iron',NULL,1,107,_binary '',1),(312,'water',NULL,1,108,_binary '\0',0),(313,'fire',NULL,0,108,_binary '',1),(314,'iron',NULL,1,108,_binary '',1),(315,'sliver',NULL,0,108,_binary '',0),(316,'iron',NULL,1,109,_binary '\0',1),(317,'fire',NULL,0,109,_binary '',1),(318,'water',NULL,1,109,_binary '\0',0),(319,'sliver',NULL,0,109,_binary '\0',0),(320,'iron',NULL,1,110,_binary '',1),(321,'bird',NULL,0,110,_binary '\0',0),(322,'sliver',NULL,0,110,_binary '\0',0),(323,'iron',NULL,1,111,_binary '\0',1),(324,'water',NULL,1,111,_binary '\0',0),(325,'sliver',NULL,0,111,_binary '',0),(326,'fire',NULL,0,111,_binary '',1),(327,'sliver',NULL,0,112,_binary '',0),(328,'fire',NULL,0,112,_binary '\0',1),(329,'iron',NULL,1,112,_binary '\0',1),(330,'water',NULL,1,112,_binary '',0),(331,'water',NULL,1,113,_binary '\0',0),(332,'fire',NULL,0,113,_binary '\0',1),(333,'sliver',NULL,0,113,_binary '\0',0),(334,'iron',NULL,1,113,_binary '\0',1),(335,'fire',NULL,0,114,_binary '\0',1),(336,'sliver',NULL,0,114,_binary '',0),(337,'iron',NULL,1,114,_binary '\0',1),(338,'water',NULL,1,114,_binary '\0',0),(339,'water',NULL,1,115,_binary '\0',0),(340,'fire',NULL,0,115,_binary '',1),(341,'sliver',NULL,0,115,_binary '',0),(342,'iron',NULL,1,115,_binary '\0',1),(343,'Thời gian làm việc của người lái xe ô tô không được lái xe liên tục quá bao nhiêu giờ trong trường hợp dưới dây?',NULL,0,116,_binary '\0',0),(344,'“Người điều khiển phương tiện tham gia giao thông đường bộ” gồm những đối tượng nào dưới đây?',NULL,0,116,_binary '\0',0),(345,'“Làn đường” là gì?',NULL,0,116,_binary '\0',0),(346,'Hành khách có các nghĩa vụ gì khi đi trên xe ô tô vận tải hành khách?',NULL,0,116,_binary '\0',0),(347,'Người lái xe khách, xe buýt cần thực hiện những nhiệm vụ gì dưới đây?',NULL,0,116,_binary '\0',0),(348,'Người lái xe được hiểu như thế nào trong các khái niệm dưới đây',NULL,0,116,_binary '\0',0),(349,'Trên đường có nhiều làn đường, khi điều khiển phương tiện ở tốc độ chậm bạn phải đi ở làn đường nào?',NULL,0,116,_binary '\0',0),(350,'Trong hoạt động vận tải đường bộ, các hành vi nào sau đây bị nghiêm cấm?',NULL,0,116,_binary '\0',0),(351,'Người kinh doanh vận tải hành khách có những quyền hạn nào dưới đây?',NULL,0,116,_binary '\0',0),(352,'“Dải phân cách” trên đường bộ gồm những loại nào?',NULL,0,116,_binary '\0',0),(353,'Người lái xe khách phải chấp hành những quy định nào dưới đây?',NULL,0,117,_binary '\0',0),(354,'Trong hoạt động vận tải đường bộ, các hành vi nào sau đây bị nghiêm cấm?',NULL,0,117,_binary '',0),(355,'Đường mà trên đó phương tiện tham gia giao thông được các phương tiện giao thông được các phương tiện giao thông đến từ hướng khác nhường đường khi qua nơi đường giao nhau, được cắm biển báo hiệu đường ưu tiên là loại đường gì?',NULL,0,117,_binary '\0',0),(356,'Hành khách có các nghĩa vụ gì khi đi trên xe ô tô vận tải hành khách?',NULL,0,117,_binary '',0),(357,'Hành vi vượt xe tại các vị trí có tầm nhìn hạn chế, đường vòng, đầu dóc có bị nghiêm cấm hay không?',NULL,0,117,_binary '',0),(358,'Trong hoạt động vận tải khách những hàng vi nào dưới đây bị nghiêm cấm?',NULL,0,117,_binary '',0),(359,'Khái niệm “khổ giới hạn đường bộ” được hiểu như thế nào là đúng?',NULL,0,117,_binary '',0),(360,'Lái xe kinh doanh vận tải phải có trách nhiệm gì sau đây?',NULL,0,117,_binary '\0',0),(361,'Khi lái xe trên đường, người lái xe cần quan sát và bảo đảm tốc độ phương tiện như thé nào?',NULL,0,117,_binary '',0),(362,'Theo luật phòng chống tác hại của rượu, bia, đối tượng nào dưới đây bị cấm sử dụng rượu bia khi tham gia giao thông?',NULL,0,117,_binary '\0',0),(363,'Thời gian làm việc trong một ngày của người lái xe ô tô không vượt quá bao nhiêu giờ trong trường hợp nào dưới đây?',NULL,0,118,_binary '\0',0),(364,'Theo luật phòng chống tác hại của rượu, bia, đối tượng nào dưới đây bị cấm sử dụng rượu bia khi tham gia giao thông?',NULL,0,118,_binary '\0',0),(365,'Trên đường có nhiều làn đường, khi điều khiển phương tiện ở tốc độ chậm bạn phải đi ở làn đường nào?',NULL,0,118,_binary '\0',0),(366,'Hành khách có các nghĩa vụ gì khi đi trên xe ô tô vận tải hành khách?',NULL,0,118,_binary '\0',0),(367,'Trong hoạt động vận tải khách những hàng vi nào dưới đây bị nghiêm cấm?',NULL,0,118,_binary '\0',0),(368,'Khái niệm “đường cao tốc” được hiểu như thế nào là đúng?',NULL,0,118,_binary '\0',0),(369,'Người lái xe khách, xe buýt cần thực hiện những nhiệm vụ gì dưới đây?',NULL,0,118,_binary '\0',0),(370,'Đường mà trên đó phương tiện tham gia giao thông được các phương tiện giao thông được các phương tiện giao thông đến từ hướng khác nhường đường khi qua nơi đường giao nhau, được cắm biển báo hiệu đường ưu tiên là loại đường gì?',NULL,0,118,_binary '\0',0),(371,'Người điều khiển phương tiện giao thông đường bộ mà trong cơ thể có chất ma túy có bị nghiêm cấm hay không?',NULL,0,118,_binary '\0',0),(372,'Thời gian làm việc của người lái xe ô tô không được lái xe liên tục quá bao nhiêu giờ trong trường hợp dưới dây?',NULL,0,118,_binary '\0',0),(373,'Thời gian làm việc trong một ngày của người lái xe ô tô không vượt quá bao nhiêu giờ trong trường hợp nào dưới đây?',NULL,0,119,_binary '\0',0),(374,'Trong các khái niệm dưới đây, “dải phân cách” được hiểu như thế nào là đúng?',NULL,0,119,_binary '\0',0),(375,'Hành khách có các nghĩa vụ gì khi đi trên xe ô tô vận tải hành khách?',NULL,0,119,_binary '\0',0),(376,'Người lái xe khách phải chấp hành những quy định nào dưới đây?',NULL,0,119,_binary '\0',0),(377,'Trong hoạt động vận tải đường bộ, các hành vi nào sau đây bị nghiêm cấm?',NULL,0,119,_binary '\0',0),(378,'Hành vi đưa xe cơ giới, xe máy chuyên dùng không bảo đảm tiêu chuẩn an toàn kỹ thuật và bảo vệ môi trường vào tham gia giao thông đường bộ có bị nghiêm cấm hay không?',NULL,0,119,_binary '\0',0),(379,'Khai niệm “phương tiện giao thông cơ giới đường bộ” được hiểu thế nào là đúng?',NULL,0,119,_binary '\0',0),(380,'Hành vi nào dưới đây bị nghiêm cấm?',NULL,0,119,_binary '\0',0),(381,'Cuộc đua xe chỉ được thực hiện khi nào?',NULL,0,119,_binary '\0',0),(382,'Hành khách có các quyền gì khi đi trên xe ô tô vận tải khách theo tuyến cố định?',NULL,0,119,_binary '\0',0),(383,'Lái xe kinh doanh vận tải phải có trách nhiệm gì sau đây?',NULL,0,120,_binary '\0',0),(384,'Người lái xe khách phải chấp hành những quy định nào dưới đây?',NULL,0,120,_binary '\0',0),(385,'Người điều khiển phương tiện giao thông đường bộ mà trong cơ thể có chất ma túy có bị nghiêm cấm hay không?',NULL,0,120,_binary '\0',0),(386,'Trong hoạt động vận tải khách những hàng vi nào dưới đây bị nghiêm cấm?',NULL,0,120,_binary '',0),(387,'Khái niệm “đường cao tốc” được hiểu như thế nào là đúng?',NULL,0,120,_binary '\0',0),(388,'Khi lái xe trên đường, người lái xe cần quan sát và bảo đảm tốc độ phương tiện như thé nào?',NULL,0,120,_binary '\0',0),(389,'Hành vi vượt xe tại các vị trí có tầm nhìn hạn chế, đường vòng, đầu dóc có bị nghiêm cấm hay không?',NULL,0,120,_binary '\0',0),(390,'Người lái xe được hiểu như thế nào trong các khái niệm dưới đây',NULL,0,120,_binary '\0',0),(391,'Người lái xe khách, xe buýt cần thực hiện những nhiệm vụ gì dưới đây?',NULL,0,120,_binary '\0',0),(392,'Người kinh doanh vận tải hành khách có những quyền hạn nào dưới đây?',NULL,0,120,_binary '',0),(393,'Hành vi đưa xe cơ giới, xe máy chuyên dùng không bảo đảm tiêu chuẩn an toàn kỹ thuật và bảo vệ môi trường vào tham gia giao thông đường bộ có bị nghiêm cấm hay không?',NULL,0,121,_binary '\0',0),(394,'Trong các khái niệm dưới đây khái niệm “dừng xe” được hiểu như thế nào là đúng?',NULL,0,121,_binary '\0',0),(395,'Trong hoạt động vận tải đường bộ, các hành vi nào sau đây bị nghiêm cấm?',NULL,0,121,_binary '\0',0),(396,'Lái xe kinh doanh vận tải phải có trách nhiệm gì sau đây?',NULL,0,121,_binary '\0',0),(397,'Thời gian làm việc trong một ngày của người lái xe ô tô không vượt quá bao nhiêu giờ trong trường hợp nào dưới đây?',NULL,0,121,_binary '\0',0),(398,'Cuộc đua xe chỉ được thực hiện khi nào?',NULL,0,121,_binary '',0),(399,'Hành vi xe cơ giới, xe máy chuyên dùng cho người không đủ điều kiện để điều khiển xe tham gia giao thông có được phép hay không?',NULL,0,121,_binary '\0',0),(400,'“Dải phân cách” trên đường bộ gồm những loại nào?',NULL,0,121,_binary '',0),(401,'Thời gian làm việc của người lái xe ô tô không được lái xe liên tục quá bao nhiêu giờ trong trường hợp dưới dây?',NULL,0,121,_binary '',0),(402,'Trong hoạt động vận tải khách những hàng vi nào dưới đây bị nghiêm cấm?',NULL,0,121,_binary '',0),(403,'Hành khách có các quyền gì khi đi trên xe ô tô vận tải khách theo tuyến cố định?',NULL,0,122,_binary '\0',0),(404,'Khai niệm “người điều khiển giao thông” được hiểu như thế nào đúng?',NULL,0,122,_binary '\0',0),(405,'Cuộc đua xe chỉ được thực hiện khi nào?',NULL,0,122,_binary '\0',0),(406,'Thời gian làm việc của người lái xe ô tô không được lái xe liên tục quá bao nhiêu giờ trong trường hợp dưới dây?',NULL,0,122,_binary '\0',0),(407,'Thời gian làm việc trong một ngày của người lái xe ô tô không vượt quá bao nhiêu giờ trong trường hợp nào dưới đây?',NULL,0,122,_binary '',0),(408,'Khái niệm “phương tiện giao thông thô sơ đường bộ” được hiểu thế nào là đúng?',NULL,0,122,_binary '\0',0),(409,'Người lái xe khách phải chấp hành những quy định nào dưới đây?',NULL,0,122,_binary '\0',0),(410,'Trong hoạt động vận tải đường bộ, các hành vi nào sau đây bị nghiêm cấm?',NULL,0,122,_binary '\0',0),(411,'Việc lái xe mô tô, ô tô, máy kéo ngay sai khi uống rượu, bia có được phép không?',NULL,0,122,_binary '\0',0),(412,'Hành vi nào dưới đây bị nghiêm cấm?',NULL,0,122,_binary '\0',0),(413,'Khái niệm “đường cao tốc” được hiểu như thế nào là đúng?',NULL,0,123,_binary '\0',0),(414,'Trong hoạt động vận tải đường bộ, các hành vi nào sau đây bị nghiêm cấm?',NULL,0,123,_binary '\0',0),(415,'Việc lái xe mô tô, ô tô, máy kéo ngay sai khi uống rượu, bia có được phép không?',NULL,0,123,_binary '\0',0),(416,'Phương tiện giao thông đường bộ di chuyển với tốc độ thấp hơn phải đi như thế nào?',NULL,0,123,_binary '',0),(417,'Người nhận hàng có các nghĩa vụ gì dưới đây?',NULL,0,123,_binary '\0',0),(418,'“Dải phân cách” trên đường bộ gồm những loại nào?',NULL,0,123,_binary '\0',0),(419,'',NULL,0,123,_binary '\0',0),(420,'Trong các khái niệm dưới đây, “dải phân cách” được hiểu như thế nào là đúng?',NULL,0,123,_binary '\0',0),(421,'',NULL,0,123,_binary '\0',0),(422,'Người kinh doanh vận tải hành khách có những quyền hạn nào dưới đây?',NULL,0,123,_binary '\0',0);
/*!40000 ALTER TABLE `historyquestion` ENABLE KEYS */;
UNLOCK TABLES;

--
-- Table structure for table `historytest`
--

DROP TABLE IF EXISTS `historytest`;
/*!40101 SET @saved_cs_client     = @@character_set_client */;
/*!50503 SET character_set_client = utf8mb4 */;
CREATE TABLE `historytest` (
  `id` int NOT NULL AUTO_INCREMENT,
  `create_date` varchar(45) DEFAULT NULL,
  `delete_date` varchar(45) DEFAULT NULL,
  `deleted` tinyint NOT NULL DEFAULT '0',
  `name` varchar(255) DEFAULT NULL,
  `time` int DEFAULT NULL,
  `id_user` int NOT NULL DEFAULT '0',
  `is_done` tinyint DEFAULT '0',
  `mark` int DEFAULT '0',
  `time_start` int NOT NULL DEFAULT '0',
  `duration` int DEFAULT NULL,
  `id_category` bigint NOT NULL,
  PRIMARY KEY (`id`)
) ENGINE=InnoDB AUTO_INCREMENT=124 DEFAULT CHARSET=utf8mb4 COLLATE=utf8mb4_0900_ai_ci;
/*!40101 SET character_set_client = @saved_cs_client */;

--
-- Dumping data for table `historytest`
--

LOCK TABLES `historytest` WRITE;
/*!40000 ALTER TABLE `historytest` DISABLE KEYS */;
INSERT INTO `historytest` VALUES (1,NULL,NULL,0,'first',1000,0,0,0,0,1,0),(15,'2021-07-13',NULL,0,'B2',200,1,0,0,54462,1,0),(16,'2021-07-13',NULL,0,'B1',1500,1,0,0,57667,1,0),(17,'2021-07-13',NULL,0,'B2',200,1,0,0,57736,1,0),(18,'2021-07-13',NULL,0,'B1',1500,1,0,0,58044,1,0),(19,'2021-07-13',NULL,0,'B1',1500,1,0,0,58751,1,0),(20,'2021-07-13',NULL,0,'B1',1500,1,0,2,58828,1,0),(21,'2021-07-13',NULL,0,'B1',1500,1,0,1,59840,1,0),(22,'2021-07-13',NULL,0,'B1',1500,1,0,1,60059,1,0),(23,'2021-07-13',NULL,0,'B1',1500,1,0,1,60556,1,0),(24,'2021-07-14',NULL,0,'B2',200,1,0,1,36865,1,0),(25,'2021-07-14',NULL,0,'B1',1500,1,0,1,37014,1,0),(26,'2021-07-14',NULL,0,'B1',1500,1,0,2,37098,1,0),(27,'2021-07-14',NULL,0,'B2',200,1,0,1,37114,1,0),(28,'2021-07-14',NULL,0,'B1',1500,1,0,1,37138,1,0),(29,'2021-07-14',NULL,0,'B1',1500,1,0,1,37154,1,0),(30,'2021-07-14',NULL,0,'B2',200,1,0,1,37193,1,0),(31,'2021-07-14',NULL,0,'B2',20,1,0,1,50011,1,0),(32,'2021-07-14',NULL,0,'B2',20,1,0,1,50248,1,0),(33,'2021-07-14',NULL,0,'B2',20,1,0,1,50338,1,0),(34,'2021-07-14',NULL,0,'B2',10,1,0,1,51801,1,0),(35,'2021-07-14',NULL,0,'B2',10,1,0,1,51801,1,0),(36,'2021-07-14',NULL,0,'B2',10,1,0,1,51801,1,0),(37,'2021-07-14',NULL,0,'B2',10,1,0,1,51801,1,0),(38,'2021-07-14',NULL,0,'B2',10,1,0,1,51801,1,0),(39,'2021-07-14',NULL,0,'B2',10,1,0,1,51801,1,0),(40,'2021-07-14',NULL,0,'B2',10,1,0,1,51801,1,0),(41,'2021-07-14',NULL,0,'B2',10,1,0,1,51801,1,0),(42,'2021-07-14',NULL,0,'B2',10,1,0,1,51801,1,0),(43,'2021-07-14',NULL,0,'B2',10,1,0,1,51801,1,0),(44,'2021-07-14',NULL,0,'B2',10,1,0,1,51801,1,0),(45,'2021-07-14',NULL,0,'B2',10,1,0,1,51801,1,0),(46,'2021-07-14',NULL,0,'B2',10,1,0,1,51801,1,0),(47,'2021-07-14',NULL,0,'B2',10,1,0,1,51801,1,0),(48,'2021-07-14',NULL,0,'B2',10,1,0,1,51801,1,0),(49,'2021-07-14',NULL,0,'B2',10,1,0,1,51801,1,0),(50,'2021-07-14',NULL,0,'B2',10,1,0,1,51801,1,0),(51,'2021-07-14',NULL,0,'B2',10,1,0,1,51801,1,0),(52,'2021-07-14',NULL,0,'B2',10,1,0,1,51801,1,0),(53,'2021-07-14',NULL,0,'B2',10,1,0,1,51801,1,0),(54,'2021-07-14',NULL,0,'B2',10,1,0,1,51801,1,0),(55,'2021-07-14',NULL,0,'B2',10,1,0,1,51801,1,0),(56,'2021-07-14',NULL,0,'B2',10,1,0,1,51801,1,0),(57,'2021-07-14',NULL,0,'B2',10,1,0,1,51801,1,0),(58,'2021-07-14',NULL,0,'B2',10,1,0,1,51801,1,0),(59,'2021-07-14',NULL,0,'B2',10,1,0,1,51801,1,0),(60,'2021-07-14',NULL,0,'B2',10,1,0,1,51801,1,0),(61,'2021-07-14',NULL,0,'B2',10,1,0,1,51801,1,0),(62,'2021-07-14',NULL,0,'B2',10,1,0,1,51801,1,0),(63,'2021-07-14',NULL,0,'B2',10,1,0,1,51801,1,0),(64,'2021-07-14',NULL,0,'B2',10,1,0,1,51801,1,0),(65,'2021-07-14',NULL,0,'B2',10,1,0,1,51801,1,0),(66,'2021-07-14',NULL,0,'B2',10,1,0,1,51801,1,0),(67,'2021-07-14',NULL,0,'B2',10,1,0,1,51801,1,0),(68,'2021-07-14',NULL,0,'B2',10,1,0,1,51801,1,0),(69,'2021-07-14',NULL,0,'B2',10,1,0,1,51801,1,0),(70,'2021-07-14',NULL,0,'B2',10,1,0,1,51801,1,0),(71,'2021-07-14',NULL,0,'B2',10,1,0,1,51801,1,0),(72,'2021-07-14',NULL,0,'B2',10,1,0,1,51801,1,0),(73,'2021-07-14',NULL,0,'B2',10,1,0,1,51801,1,0),(74,'2021-07-14',NULL,0,'B2',10,1,0,1,51801,1,0),(75,'2021-07-14',NULL,0,'B2',10,1,0,1,51801,1,0),(76,'2021-07-14',NULL,0,'B2',10,1,0,1,51801,1,0),(77,'2021-07-14',NULL,0,'B2',10,1,0,1,51801,1,0),(78,'2021-07-14',NULL,0,'B2',10,1,0,1,51801,1,0),(79,'2021-07-14',NULL,0,'B2',10,1,0,1,51801,1,0),(80,'2021-07-14',NULL,0,'B2',10,1,0,1,51801,1,0),(81,'2021-07-14',NULL,0,'B2',10,1,0,1,51801,1,0),(82,'2021-07-14',NULL,0,'B2',10,1,0,1,51801,1,0),(83,'2021-07-14',NULL,0,'B1',150,1,0,1,51974,1,0),(84,'2021-07-14',NULL,0,'B1',150,1,0,1,51974,1,0),(85,'2021-07-14',NULL,0,'B1',150,1,0,1,51974,1,0),(86,'2021-07-14',NULL,0,'B1',150,1,0,1,51974,1,0),(87,'2021-07-14',NULL,0,'B1',150,1,0,1,51974,1,0),(88,'2021-07-14',NULL,0,'B1',150,1,0,1,51974,1,0),(89,'2021-07-14',NULL,0,'B1',150,1,0,1,51974,1,0),(90,'2021-07-14',NULL,0,'B1',150,1,0,1,51974,1,0),(91,'2021-07-14',NULL,0,'B1',150,1,0,1,51974,1,0),(92,'2021-07-14',NULL,0,'B1',150,1,0,1,51974,1,0),(93,'2021-07-14',NULL,0,'B1',150,1,0,1,51974,1,0),(94,'2021-07-14',NULL,0,'B1',150,1,0,1,51974,1,0),(95,'2021-07-14',NULL,0,'B1',150,1,0,1,51974,1,0),(96,'2021-07-14',NULL,0,'B1',150,1,0,1,51974,1,0),(97,'2021-07-14',NULL,0,'B1',150,1,0,1,51974,1,0),(98,'2021-07-14',NULL,0,'B1',150,1,0,1,53681,1,0),(99,'2021-07-14',NULL,0,'B2',10,1,0,1,54843,1,0),(100,'2021-07-14',NULL,0,'B2',10,1,0,1,54843,1,0),(101,'2021-07-14',NULL,0,'B2',10,1,0,2,54918,1,0),(102,'2021-07-14',NULL,0,'B2',10,1,0,1,55081,1,0),(103,'2021-07-14',NULL,0,'B2',10,1,0,0,55170,1,0),(104,'2021-07-14',NULL,0,'B1',150,1,0,1,57420,1,0),(105,'2021-07-14',NULL,0,'B1',150,1,0,1,57420,1,0),(106,'2021-07-14',NULL,0,'B1',150,1,0,1,57814,1,0),(107,'2021-07-14',NULL,0,'B2',10,1,0,2,58012,1,0),(108,'2021-07-14',NULL,0,'B1',150,1,0,3,58342,1,0),(109,'2021-07-19',NULL,0,'B1',150,1,0,1,39096,4,0),(110,'2021-07-19',NULL,0,'B2',10,1,0,1,39165,10,0),(111,'2021-07-29',NULL,0,'B1',150,1,0,2,52865,5,0),(112,'2021-07-30',NULL,0,'B1',150,1,0,2,40558,15,0),(113,'2021-07-30',NULL,0,'B1',150,1,0,0,52458,10,0),(114,'2021-07-30',NULL,0,'B1',150,1,0,1,52513,7,0),(115,'2021-08-03',NULL,0,'B1',150,1,0,2,32489,6,1),(116,'2021-08-04',NULL,0,'B1',150,1,0,0,72642,20,1),(117,'2021-08-04',NULL,0,'B1',150,1,0,6,73597,28,1),(118,'2021-08-04',NULL,0,'B1',150,1,0,0,86036,150,1),(119,'2021-08-04',NULL,0,'B1',150,1,0,0,86308,-86098,1),(120,'2021-08-05',NULL,0,'B1',150,1,0,2,253,138,1),(121,'2021-08-05',NULL,0,'B1',150,1,0,4,36458,15,1),(122,'2021-08-05',NULL,0,'B1',150,1,0,1,52175,16,1),(123,'2021-08-05',NULL,0,'B1',150,0,0,1,59718,8,1);
/*!40000 ALTER TABLE `historytest` ENABLE KEYS */;
UNLOCK TABLES;

--
-- Table structure for table `question`
--

DROP TABLE IF EXISTS `question`;
/*!40101 SET @saved_cs_client     = @@character_set_client */;
/*!50503 SET character_set_client = utf8mb4 */;
CREATE TABLE `question` (
  `id` int NOT NULL AUTO_INCREMENT,
  `type_id` int DEFAULT NULL,
  `text` varchar(755) NOT NULL,
  `img` varchar(45) DEFAULT NULL,
  `create_date` date DEFAULT NULL,
  `update_date` date DEFAULT NULL,
  `delete_date` date DEFAULT NULL,
  `dead_point` tinyint NOT NULL DEFAULT '0',
  `deleted` tinyint NOT NULL DEFAULT '0',
  `pick_one` tinyint NOT NULL DEFAULT '0',
  PRIMARY KEY (`id`),
  KEY `type_idx` (`type_id`),
  CONSTRAINT `FK6wdael4hilwkh5li5xmnph03j` FOREIGN KEY (`type_id`) REFERENCES `type` (`id`),
  CONSTRAINT `fk_question_type` FOREIGN KEY (`type_id`) REFERENCES `type` (`id`),
  CONSTRAINT `FKbesk0j7i5b9vsrpy50834xxlw` FOREIGN KEY (`type_id`) REFERENCES `type` (`id`)
) ENGINE=InnoDB AUTO_INCREMENT=110 DEFAULT CHARSET=utf8mb4 COLLATE=utf8mb4_0900_ai_ci;
/*!40101 SET character_set_client = @saved_cs_client */;

--
-- Dumping data for table `question`
--

LOCK TABLES `question` WRITE;
/*!40000 ALTER TABLE `question` DISABLE KEYS */;
INSERT INTO `question` VALUES (1,1,'fire',NULL,NULL,NULL,NULL,0,0,1),(2,1,'water',NULL,NULL,NULL,NULL,1,0,0),(3,2,'iron',NULL,NULL,NULL,NULL,1,0,1),(4,2,'sliver',NULL,NULL,NULL,NULL,0,0,0),(5,6,'bird',NULL,NULL,NULL,NULL,0,0,0),(7,16,'Phần của đường bộ đươc sử dụng cho các phương tiện giao thông qua lại là gì?',NULL,NULL,NULL,NULL,0,0,0),(8,16,'“Làn đường” là gì?',NULL,NULL,NULL,NULL,0,0,0),(9,16,'Khái niệm “khổ giới hạn đường bộ” được hiểu như thế nào là đúng?',NULL,NULL,NULL,NULL,0,0,0),(10,16,'Trong các khái niệm dưới đây, “dải phân cách” được hiểu như thế nào là đúng?',NULL,NULL,NULL,NULL,0,0,0),(11,16,'“Dải phân cách” trên đường bộ gồm những loại nào?',NULL,NULL,NULL,NULL,0,0,0),(12,17,'asdasdasdasdasd',NULL,NULL,NULL,NULL,0,0,0),(13,17,'dasdasd',NULL,NULL,NULL,NULL,0,0,0),(14,16,'Người lái xe được hiểu như thế nào trong các khái niệm dưới đây',NULL,NULL,NULL,NULL,0,0,0),(15,16,'Đường mà trên đó phương tiện tham gia giao thông được các phương tiện giao thông được các phương tiện giao thông đến từ hướng khác nhường đường khi qua nơi đường giao nhau, được cắm biển báo hiệu đường ưu tiên là loại đường gì?',NULL,NULL,NULL,NULL,0,0,0),(16,16,'Khai niệm “phương tiện giao thông cơ giới đường bộ” được hiểu thế nào là đúng?',NULL,NULL,NULL,NULL,0,0,0),(17,16,'Khái niệm “phương tiện giao thông thô sơ đường bộ” được hiểu thế nào là đúng?',NULL,NULL,NULL,NULL,0,0,0),(18,16,'“Phương tiện tham gia giao thông đường bộ” gồm những loại nào?',NULL,NULL,NULL,NULL,0,0,0),(19,16,'“Người tham gia giao thông đường bộ” Gồm những đối tượng nào?',NULL,NULL,NULL,NULL,0,0,0),(20,16,'“Người điều khiển phương tiện tham gia giao thông đường bộ” gồm những đối tượng nào dưới đây?',NULL,NULL,NULL,NULL,0,0,0),(21,16,'Khai niệm “người điều khiển giao thông” được hiểu như thế nào đúng?',NULL,NULL,NULL,NULL,0,0,0),(22,16,'Trong các khái niệm dưới đây khái niệm “dừng xe” được hiểu như thế nào là đúng?',NULL,NULL,NULL,NULL,0,0,0),(23,16,'Khái niệm “đỗ xe” được hiểu như thế nào là đúng quy tắc giao thông?',NULL,NULL,NULL,NULL,0,0,0),(24,16,'Khái niệm “đường cao tốc” được hiểu như thế nào là đúng?',NULL,NULL,NULL,NULL,0,0,0),(25,16,'Hành vi nào dưới đây bị nghiêm cấm?',NULL,NULL,NULL,NULL,0,0,0),(26,16,'Hành vi đưa xe cơ giới, xe máy chuyên dùng không bảo đảm tiêu chuẩn an toàn kỹ thuật và bảo vệ môi trường vào tham gia giao thông đường bộ có bị nghiêm cấm hay không?',NULL,NULL,NULL,NULL,0,0,0),(27,16,'Cuộc đua xe chỉ được thực hiện khi nào?',NULL,NULL,NULL,NULL,0,0,0),(28,16,'Người điều khiển phương tiện giao thông đường bộ mà trong cơ thể có chất ma túy có bị nghiêm cấm hay không?',NULL,NULL,NULL,NULL,0,0,0),(29,16,'Việc lái xe mô tô, ô tô, máy kéo ngay sai khi uống rượu, bia có được phép không?',NULL,NULL,NULL,NULL,0,0,0),(30,16,'Người điều khiển ô tô, mô tô, máy kéo trên đường mà trong máu hoặc hơi thở có nồng độ cồn có bị nghiêm cấm không?',NULL,NULL,NULL,NULL,0,0,0),(31,16,'Sử dụng rượu, bia khi lái xe, nếu bị phát hiện thì bị xử lý như thế nào',NULL,NULL,NULL,NULL,0,0,0),(32,16,'Theo luật phòng chống tác hại của rượu, bia, đối tượng nào dưới đây bị cấm sử dụng rượu bia khi tham gia giao thông?',NULL,NULL,NULL,NULL,0,0,0),(33,16,'Hành vi xe cơ giới, xe máy chuyên dùng cho người không đủ điều kiện để điều khiển xe tham gia giao thông có được phép hay không?',NULL,NULL,NULL,NULL,0,0,0),(34,16,'Hành vi điều khiển xe cơ giới chạy quá tốc độ quy định, giành đường, vượt ẩu có nghiêm cấm hay không',NULL,NULL,NULL,NULL,0,0,0),(35,16,'Khi lái xe trên đường, người lái xe cần quan sát và bảo đảm tốc độ phương tiện như thé nào?',NULL,NULL,NULL,NULL,0,0,0),(36,16,'Phương tiện giao thông đường bộ di chuyển với tốc độ thấp hơn phải đi như thế nào?',NULL,NULL,NULL,NULL,0,0,0),(37,16,'Trên đường có nhiều làn đường, khi điều khiển phương tiện ở tốc độ chậm bạn phải đi ở làn đường nào?',NULL,NULL,NULL,NULL,0,0,0),(38,16,'Hành vi vượt xe tại các vị trí có tầm nhìn hạn chế, đường vòng, đầu dóc có bị nghiêm cấm hay không?',NULL,NULL,NULL,NULL,0,0,0),(39,18,'Người lái xe khách, xe buýt cần thực hiện những nhiệm vụ gì dưới đây?',NULL,NULL,NULL,NULL,0,0,0),(40,18,'Trong hoạt động vận tải đường bộ, các hành vi nào sau đây bị nghiêm cấm?',NULL,NULL,NULL,NULL,0,0,0),(41,18,'Trong hoạt động vận tải khách những hàng vi nào dưới đây bị nghiêm cấm?',NULL,NULL,NULL,NULL,0,0,0),(42,18,'Thời gian làm việc của người lái xe ô tô không được lái xe liên tục quá bao nhiêu giờ trong trường hợp dưới dây?',NULL,NULL,NULL,NULL,0,0,0),(43,18,'Thời gian làm việc trong một ngày của người lái xe ô tô không vượt quá bao nhiêu giờ trong trường hợp nào dưới đây?',NULL,NULL,NULL,NULL,0,0,0),(44,18,'Người lái xe khách phải chấp hành những quy định nào dưới đây?',NULL,NULL,NULL,NULL,0,0,0),(45,18,'Lái xe kinh doanh vận tải phải có trách nhiệm gì sau đây?',NULL,NULL,NULL,NULL,0,0,0),(46,18,'Người kinh doanh vận tải hành khách có những quyền hạn nào dưới đây?',NULL,NULL,NULL,NULL,0,0,0),(47,18,'Hành khách có các quyền gì khi đi trên xe ô tô vận tải khách theo tuyến cố định?',NULL,NULL,NULL,NULL,0,0,0),(48,18,'Hành khách có các nghĩa vụ gì khi đi trên xe ô tô vận tải hành khách?',NULL,NULL,NULL,NULL,0,0,0),(49,18,'Người kinh doanh vận tải hàng hóa có các quyền gì ở dưới đây?',NULL,NULL,NULL,NULL,0,0,0),(50,18,'Người kinh doanh vận tải hàng hóa có các nghĩa vụ gì dưới đây?',NULL,NULL,NULL,NULL,0,0,0),(51,18,'Người thuê vận tải hàng hóa có các quyền hạn gì dưới đây?',NULL,NULL,NULL,NULL,0,0,0),(52,18,'Người thuê vận tải hàng hóa có các nghĩa vụ gì dưới đây?',NULL,NULL,NULL,NULL,0,0,0),(53,18,'Người nhận hàng có các quyền gì dưới đây?',NULL,NULL,NULL,NULL,0,0,0),(54,18,'Người nhận hàng có các nghĩa vụ gì dưới đây?',NULL,NULL,NULL,NULL,0,0,0),(55,18,'Hàng siêu trường, siêu trọng được hiểu như thế nào là đúng?',NULL,NULL,NULL,NULL,0,0,0),(56,18,'Việc vận chuyển động vật sống phải tuân theo những quy định nào dưới đây?',NULL,NULL,NULL,NULL,0,0,0),(57,18,'Xe vận chuyển hàng nguy hiểm phải chấp hành những quy định nào dưới đây?',NULL,NULL,NULL,NULL,0,0,0),(58,18,'Trong đo thị, người lái xe buýt, xe chở hàng phải thực hiện những quy định nào dưới đây?',NULL,NULL,NULL,NULL,0,0,0),(59,18,'Việc vận chuyển hàng hóa bằng xe ô tô phải chấp hành các quy định nào dưới đây?',NULL,NULL,NULL,NULL,0,0,0),(60,18,'',NULL,NULL,NULL,NULL,0,0,0),(61,18,'',NULL,NULL,NULL,NULL,0,0,0),(62,18,'',NULL,NULL,NULL,NULL,0,0,0),(63,18,'',NULL,NULL,NULL,NULL,0,0,0),(64,18,'',NULL,NULL,NULL,NULL,0,0,0),(65,18,'',NULL,NULL,NULL,NULL,0,0,0),(66,18,'',NULL,NULL,NULL,NULL,0,0,0),(67,18,'',NULL,NULL,NULL,NULL,0,0,0),(68,18,'',NULL,NULL,NULL,NULL,0,0,0),(69,19,'Người hành nghề lái xe khi thực hiện tốt việc rèn luyện, nâng cao trách nhiệm, đạo đức nghề nghiệp sẽ thu được kết quả như thế nào?',NULL,NULL,NULL,NULL,0,0,0),(70,19,'Người lái xe vận tải hàng hóa cần thực hiện những nhiệm vụ gì ghi ở dưới đây?',NULL,NULL,NULL,NULL,0,0,0),(71,19,'Những lái xe kinh doanh vận tải cần thực hiện những công việc gì ghi ở dưới đây để thường xuyên rèn luyện nâng cao đạo đức nghề nghiệp?',NULL,NULL,NULL,NULL,0,0,0),(72,19,'Người lái xe và nhân viên phục vụ trên xe ô tô vận tải hành khách phải có những trách nhiện gì theo quy định được ghi dưới đây?',NULL,NULL,NULL,NULL,0,0,0),(73,19,'Khái niệm về văn hóa giao thông được hiểu như thế nào là đúng?',NULL,NULL,NULL,NULL,0,0,0),(74,19,'Trên làn đường dành cho ô tô có vũng nước lớn, có nhiều người đi xe mô tô trên làn đường bên cạnh, người lái xe ô tô xử lý như thế nào là có văn hóa giao thông?',NULL,NULL,NULL,NULL,0,0,0),(75,19,'Người lái xe cô tình không phân biệt làn đường, vạch phân làn đường, phòng nhanh, vượt ẩu, vượt đèn đỏ, đi vào đường cấm, đường một chiều được coi là hành vi nào trong danh sách các hành vi dưới đây?',NULL,NULL,NULL,NULL,0,0,0),(76,19,'Khi sơ cưới người tai nạn giao thông đường bộ, có vết thương chảy máu ngoài, màu đỏ tươi phun thành tia và phun mạnh khi mạch đập bạn phải làm gì?',NULL,NULL,NULL,NULL,0,0,0),(77,19,'Người lái xe có văn hóa khi tham gia giao thông phải đáp ứng các điều kiện nào dưới đây?',NULL,NULL,NULL,NULL,0,0,0),(78,19,'Trong các hành vi dưới đây, người lái xe mô tô có văn hóa giao thông phải ứng xử như thế nào?',NULL,NULL,NULL,NULL,0,0,0),(79,19,'Trong các hành vi dưới đây, người lái xe mô tô có văn hóa giao thông phải ứng xử như thế nào?',NULL,NULL,NULL,NULL,0,0,0),(80,19,'Trong các hành vi dưới đây, người lái xe ô tô có văn hóa giao thông phải ứng xử như thế nào?',NULL,NULL,NULL,NULL,0,0,0),(81,19,'Người có văn hóa giao thông khi điều khiển xe cơ giới tham gia giao thông đường bộ phải đảm bảo các điều kiện gì?',NULL,NULL,NULL,NULL,0,0,0),(82,19,'Khi xảy ra tai nạn giao thông, người lái xe và người có mặt tại hiện trường vụ tai nạn phải thực hiện các công việc gì dưới đây?',NULL,NULL,NULL,NULL,0,0,0),(83,19,'Khi xảy ra tai nạ giao thông, có người bị thương nghiêm trọng, người lái xe và người có mặt tại hiện trường vụ tai nạn phải thực hiện các công việc gì?',NULL,NULL,NULL,NULL,0,0,0),(84,19,'Khi sơ cứu ban đầu cho người bị tai nạn giao thông đường bộ không còn hô hấp, người lái xe và người có mặt tại hiện trường vụ tai nạn phải thực hiện các công việc gì?',NULL,NULL,NULL,NULL,0,0,0),(85,19,'Hành vi bỏ trốn sau khi gây tai nạn để trốn tránh trách nhiệm hoặc khi có điều kiện mà cố ý không cứu giúp người bị tai nạn giao thông có bị nghiêm cấm hay không?',NULL,NULL,NULL,NULL,0,0,0),(86,19,'Khi xảy ra tai nạn giao thông, những hành vi nào dưới đây bị nghiêm cấm?',NULL,NULL,NULL,NULL,0,0,0),(87,19,'Khi xảy ra tai nạn giao thông, những hành vi nào dưới đây bị nghiêm cấm?',NULL,NULL,NULL,NULL,0,0,0),(88,19,'Trọng đoạn đường hai chiều tại khu đông dân cư đang ùn tắc, người điều khiển xe mô tô hai bánh có văn hóa giao thông sẽ lựa chọn xử lý tình huống nào dưới đây?',NULL,NULL,NULL,NULL,0,0,0),(89,19,'Trên đường đang xảy ra ùn tắc những hành vi nào sau đây là thiếu văn hóa khi tham gia giao thông? ',NULL,NULL,NULL,NULL,0,0,0),(90,20,'Khi điều khiển xe mô tô tay ga xuống đường dốc dài, độ dốc cao, người lái xe cần thực hiện các thao tác nào dưới đây để đảm bảo an toàn?',NULL,NULL,NULL,NULL,0,0,0),(91,20,'Khi vào số để khởi hành xe ô tô có số tự động, người lái xe phải thực hiện các thao tác nào để đảm bảo an toàn?',NULL,NULL,NULL,NULL,0,0,0),(92,20,'Khi nhả hệ thống phanh dừng cơ khí điều khiển bằng tay (phanh tay), người lái xe cần phải thực hiện các thao tác nào?',NULL,NULL,NULL,NULL,0,0,0),(93,20,'Khi khởi hành ô tô sử dụng hộp số cơ khí trên đường bằng, người lái xe cần thực hiện các thao tác nào theo trình tự dưới đây?',NULL,NULL,NULL,NULL,0,0,0),(94,20,'Khi quay đầu xe, người lái xe cần phải quan sát và thực hiện các thao tác nào để đảm bảo an toàn giao thông?',NULL,NULL,NULL,NULL,0,0,0),(95,20,'Khi tránh nhau trên đường hẹp, người lái xe cần phải chú ý những điểm nào để đảm bảo an toàn giao thông?',NULL,NULL,NULL,NULL,0,0,0),(96,20,'Khi điều khiển ô tô lên dốc cao, người lái xe cần thực hiện các thao tác nào?',NULL,NULL,NULL,NULL,0,0,0),(97,20,'Khi điều khiển ô tô xuống dốc cao, người lái xe cần thực hiện các thao tác nào dưới đây để đảm bảo an toàn?',NULL,NULL,NULL,NULL,0,0,0),(98,20,'Khi xuống dốc, muốn dừng xe, người lái xe cần thực hiện các thao tác nào để đảm bảo an toàn?',NULL,NULL,NULL,NULL,0,0,0),(99,20,'Khi điều khiển xe trên đường vòng người lái xe cần phải làm gì để đảm bảo an toàn?',NULL,NULL,NULL,NULL,0,0,0),(100,20,'Khi điều khiển xe ô tô rẽ phải ở chỗ đường giao nhau, người lái xe cần thực hiện các thao tác nào để đảm bảo an toàn?',NULL,NULL,NULL,NULL,0,0,0),(101,20,'Khi điều khiển xe ô tô rẽ Trái ở chỗ đường giao nhau, người lái xe cần thực hiện các thao tác nào để đảm bảo an toàn?',NULL,NULL,NULL,NULL,0,0,0),(102,20,'Khi điều khiển xe sử dụng hộp số cơ khí vượt qua rãnh lớn cắt ngang mặt đường, người lái xe cần thực hiện các thao tác nào để đảm bảo an toàn?',NULL,NULL,NULL,NULL,0,0,0),(103,20,'Khi điều khiển xe qua đường sắt, người lái xe cần phải thực hiện các thao tác nào dưới đây để đảm bảo an toàn?',NULL,NULL,NULL,NULL,0,0,0),(104,20,'Khi điều khiển ô tô tự đổ, người lái xe cần chú ý những điểm gì để đảm bảo an toàn?',NULL,NULL,NULL,NULL,0,0,0),(105,20,'Khi điều khiển xe tăng số, người lái xe cần chú ý những điểm gì để đảm bảo an toàn?',NULL,NULL,NULL,NULL,0,0,0),(106,20,'Khi điều khiển xe giảm số, người lái xe cần chú ý những điểm gì để đảm bảo an toàn?',NULL,NULL,NULL,NULL,0,0,0),(107,20,'Để giảm tốc độ khi ô tô xuống đường dốc dài, người lái xe phải thực hiện các thao tác nào để đảm bảo an toàn?',NULL,NULL,NULL,NULL,0,0,0),(108,20,'Khi điều khiển ô tô qua đoạn đường ngập nước, người lái xe cần thực hiện các thao tác nào để đảm bảo an toàn?',NULL,NULL,NULL,NULL,0,0,0),(109,20,'Khi điều khiển ô tô tới gần xe chạy ngược chiều vào ban đêm, người lái xe cần thực hiện các thao tác nào để đảm bảo an toàn?',NULL,NULL,NULL,NULL,0,0,0);
/*!40000 ALTER TABLE `question` ENABLE KEYS */;
UNLOCK TABLES;

--
-- Table structure for table `quiz`
--

DROP TABLE IF EXISTS `quiz`;
/*!40101 SET @saved_cs_client     = @@character_set_client */;
/*!50503 SET character_set_client = utf8mb4 */;
CREATE TABLE `quiz` (
  `id` int NOT NULL AUTO_INCREMENT,
  `id_category` int DEFAULT NULL,
  `name` varchar(45) DEFAULT NULL,
  `time` int DEFAULT NULL,
  `create_date` date DEFAULT NULL,
  `update_date` date DEFAULT NULL,
  `delete_date` date DEFAULT NULL,
  `deleted` tinyint DEFAULT NULL,
  PRIMARY KEY (`id`),
  KEY `FKjh52str8crvo5l754umvs4t2k` (`id_category`),
  CONSTRAINT `FKe1g96prtt2njgjflypc2c4wqy` FOREIGN KEY (`id_category`) REFERENCES `category` (`id`),
  CONSTRAINT `FKjh52str8crvo5l754umvs4t2k` FOREIGN KEY (`id_category`) REFERENCES `category` (`id`)
) ENGINE=InnoDB AUTO_INCREMENT=6 DEFAULT CHARSET=utf8mb4 COLLATE=utf8mb4_0900_ai_ci;
/*!40101 SET character_set_client = @saved_cs_client */;

--
-- Dumping data for table `quiz`
--

LOCK TABLES `quiz` WRITE;
/*!40000 ALTER TABLE `quiz` DISABLE KEYS */;
INSERT INTO `quiz` VALUES (1,1,'B1',150,NULL,NULL,NULL,1),(2,1,'B2',10,NULL,NULL,NULL,0),(3,1,'B1',150,NULL,NULL,NULL,0),(4,NULL,'New Quiz',600,'2021-08-05',NULL,NULL,0),(5,1,'New Quiz',600,'2021-08-05',NULL,NULL,0);
/*!40000 ALTER TABLE `quiz` ENABLE KEYS */;
UNLOCK TABLES;

--
-- Table structure for table `quiz_type`
--

DROP TABLE IF EXISTS `quiz_type`;
/*!40101 SET @saved_cs_client     = @@character_set_client */;
/*!50503 SET character_set_client = utf8mb4 */;
CREATE TABLE `quiz_type` (
  `id_quiz` int NOT NULL,
  `id_type` int NOT NULL,
  `amount` int DEFAULT NULL,
  KEY `FKnt2on6ns8jfj4cbext5h7qkxv` (`id_quiz`),
  KEY `FK42skl6q5t7jidg36w6u3wblxg` (`id_type`),
  CONSTRAINT `FK2x5faurq2dujc6nql7ukx8gdh` FOREIGN KEY (`id_quiz`) REFERENCES `quiz` (`id`),
  CONSTRAINT `FK42skl6q5t7jidg36w6u3wblxg` FOREIGN KEY (`id_type`) REFERENCES `type` (`id`),
  CONSTRAINT `FK8w8mfa4pkbxtn0vn3a6n2mck3` FOREIGN KEY (`id_type`) REFERENCES `type` (`id`),
  CONSTRAINT `FKnt2on6ns8jfj4cbext5h7qkxv` FOREIGN KEY (`id_quiz`) REFERENCES `quiz` (`id`)
) ENGINE=InnoDB DEFAULT CHARSET=utf8mb4 COLLATE=utf8mb4_0900_ai_ci;
/*!40101 SET character_set_client = @saved_cs_client */;

--
-- Dumping data for table `quiz_type`
--

LOCK TABLES `quiz_type` WRITE;
/*!40000 ALTER TABLE `quiz_type` DISABLE KEYS */;
INSERT INTO `quiz_type` VALUES (1,1,2),(1,2,2),(2,2,2),(2,6,1),(3,16,5),(3,18,5);
/*!40000 ALTER TABLE `quiz_type` ENABLE KEYS */;
UNLOCK TABLES;

--
-- Table structure for table `type`
--

DROP TABLE IF EXISTS `type`;
/*!40101 SET @saved_cs_client     = @@character_set_client */;
/*!50503 SET character_set_client = utf8mb4 */;
CREATE TABLE `type` (
  `id` int NOT NULL AUTO_INCREMENT,
  `id_category` int DEFAULT NULL,
  `type_name` varchar(1024) NOT NULL,
  `create_date` date DEFAULT NULL,
  `update_date` date DEFAULT NULL,
  `delete_date` date DEFAULT NULL,
  `deleted` tinyint NOT NULL DEFAULT '0',
  PRIMARY KEY (`id`),
  KEY `FKfpkphn1gri9h6893j7him5222` (`id_category`),
  CONSTRAINT `FK859cvdq3ux5ydmilgc3srg1wb` FOREIGN KEY (`id_category`) REFERENCES `category` (`id`),
  CONSTRAINT `fk_type_category` FOREIGN KEY (`id_category`) REFERENCES `category` (`id`),
  CONSTRAINT `FKfpkphn1gri9h6893j7him5222` FOREIGN KEY (`id_category`) REFERENCES `category` (`id`)
) ENGINE=InnoDB AUTO_INCREMENT=21 DEFAULT CHARSET=utf8mb4 COLLATE=utf8mb4_0900_ai_ci;
/*!40101 SET character_set_client = @saved_cs_client */;

--
-- Dumping data for table `type`
--

LOCK TABLES `type` WRITE;
/*!40000 ALTER TABLE `type` DISABLE KEYS */;
INSERT INTO `type` VALUES (1,1,'element',NULL,NULL,NULL,1),(2,1,'metal',NULL,NULL,NULL,1),(6,1,'animal',NULL,NULL,NULL,1),(7,2,'animal','2021-07-08',NULL,NULL,1),(8,6,'food','2021-07-08',NULL,NULL,1),(9,6,'food','2021-07-09',NULL,NULL,1),(10,6,'food','2021-07-09',NULL,NULL,1),(16,1,'KHÁI NIỆM VÀ QUY TẮC GIAO THÔNG ĐƯỜNG BỘ','2021-08-04',NULL,NULL,0),(17,1,'asdasdas','2021-08-04',NULL,NULL,1),(18,1,'NGHIỆP VỤ VẬN TẢI','2021-08-05',NULL,NULL,0),(19,1,'VĂN HOÁ, ĐẠO ĐỨC NGHỀ NGHIỆP NGƯỜI LÁI XE','2021-08-05',NULL,NULL,0),(20,1,'KỸ THUẬT LÁI XE Ô TÔ','2021-08-05',NULL,NULL,0);
/*!40000 ALTER TABLE `type` ENABLE KEYS */;
UNLOCK TABLES;

--
-- Table structure for table `type_swquence`
--

DROP TABLE IF EXISTS `type_swquence`;
/*!40101 SET @saved_cs_client     = @@character_set_client */;
/*!50503 SET character_set_client = utf8mb4 */;
CREATE TABLE `type_swquence` (
  `next_val` bigint DEFAULT NULL
) ENGINE=InnoDB DEFAULT CHARSET=utf8mb4 COLLATE=utf8mb4_0900_ai_ci;
/*!40101 SET character_set_client = @saved_cs_client */;

--
-- Dumping data for table `type_swquence`
--

LOCK TABLES `type_swquence` WRITE;
/*!40000 ALTER TABLE `type_swquence` DISABLE KEYS */;
INSERT INTO `type_swquence` VALUES (2);
/*!40000 ALTER TABLE `type_swquence` ENABLE KEYS */;
UNLOCK TABLES;

--
-- Table structure for table `user`
--

DROP TABLE IF EXISTS `user`;
/*!40101 SET @saved_cs_client     = @@character_set_client */;
/*!50503 SET character_set_client = utf8mb4 */;
CREATE TABLE `user` (
  `id` int NOT NULL AUTO_INCREMENT,
  `username` varchar(45) NOT NULL,
  `password` varchar(45) NOT NULL,
  `name` varchar(255) DEFAULT NULL,
  `img` varchar(255) DEFAULT NULL,
  PRIMARY KEY (`id`)
) ENGINE=InnoDB AUTO_INCREMENT=3 DEFAULT CHARSET=utf8mb4 COLLATE=utf8mb4_0900_ai_ci;
/*!40101 SET character_set_client = @saved_cs_client */;

--
-- Dumping data for table `user`
--

LOCK TABLES `user` WRITE;
/*!40000 ALTER TABLE `user` DISABLE KEYS */;
INSERT INTO `user` VALUES (1,'trunghung','123456','hung','https://encrypted-tbn0.gstatic.com/images?q=tbn:ANd9GcRYHd4nhm7Ji3L0DMrHi3dYJ9_x0X_3zM4qkQ&usqp=CAU'),(2,'trunghung1','123456',NULL,NULL);
/*!40000 ALTER TABLE `user` ENABLE KEYS */;
UNLOCK TABLES;
/*!40103 SET TIME_ZONE=@OLD_TIME_ZONE */;

/*!40101 SET SQL_MODE=@OLD_SQL_MODE */;
/*!40014 SET FOREIGN_KEY_CHECKS=@OLD_FOREIGN_KEY_CHECKS */;
/*!40014 SET UNIQUE_CHECKS=@OLD_UNIQUE_CHECKS */;
/*!40101 SET CHARACTER_SET_CLIENT=@OLD_CHARACTER_SET_CLIENT */;
/*!40101 SET CHARACTER_SET_RESULTS=@OLD_CHARACTER_SET_RESULTS */;
/*!40101 SET COLLATION_CONNECTION=@OLD_COLLATION_CONNECTION */;
/*!40111 SET SQL_NOTES=@OLD_SQL_NOTES */;

-- Dump completed on 2021-08-05 17:01:40
